now,24h_Vmax,pred_24h_Vmax,starting_frame
25.0,40.0,61.18,201701I_2017041412
25.0,43.0,58.48,201701I_2017041415
25.0,45.0,51.35,201701I_2017041418
28.0,48.0,53.73,201701I_2017041421
30.0,50.0,53.37,201701I_2017041500
33.0,50.0,48.53,201701I_2017041503
35.0,50.0,49.90,201701I_2017041506
38.0,48.0,52.11,201701I_2017041509
40.0,45.0,47.34,201701I_2017041512
43.0,40.0,45.22,201701I_2017041515
45.0,35.0,47.11,201701I_2017041518
48.0,33.0,47.19,201701I_2017041521
50.0,30.0,48.21,201701I_2017041600
30.0,35.0,29.72,201701L_2017041906
30.0,35.0,33.31,201701L_2017041909
30.0,35.0,33.59,201701L_2017041912
30.0,38.0,30.30,201701L_2017041915
30.0,40.0,27.25,201701L_2017041918
30.0,42.0,28.08,201701L_2017041921
30.0,45.0,25.68,201701L_2017042000
32.0,45.0,41.18,201701L_2017042003
35.0,45.0,35.80,201701L_2017042006
35.0,45.0,28.74,201701L_2017042009
25.0,35.0,36.72,201701S_2016071506
25.0,35.0,42.90,201701S_2016071509
25.0,35.0,43.01,201701S_2016071512
28.0,38.0,43.73,201701S_2016071515
30.0,40.0,39.19,201701S_2016071518
30.0,40.0,40.56,201701S_2016071521
30.0,40.0,33.27,201701S_2016071600
33.0,43.0,34.78,201701S_2016071603
35.0,45.0,34.50,201701S_2016071606
35.0,45.0,38.05,201701S_2016071609
35.0,45.0,37.61,201701S_2016071612
38.0,45.0,39.86,201701S_2016071615
40.0,45.0,48.41,201701S_2016071618
40.0,48.0,52.43,201701S_2016071621
40.0,50.0,48.53,201701S_2016071700
43.0,50.0,38.63,201701S_2016071703
45.0,50.0,44.97,201701S_2016071706
45.0,53.0,54.07,201701S_2016071709
45.0,55.0,53.20,201701S_2016071712
45.0,53.0,40.25,201701S_2016071715
45.0,50.0,46.64,201701S_2016071718
48.0,48.0,40.96,201701S_2016071721
50.0,45.0,41.91,201701S_2016071800
50.0,43.0,36.09,201701S_2016071803
50.0,40.0,47.89,201701S_2016071806
53.0,38.0,35.25,201701S_2016071809
55.0,35.0,48.06,201701S_2016071812
53.0,33.0,45.51,201701S_2016071815
50.0,30.0,38.96,201701S_2016071818
48.0,30.0,35.16,201701S_2016071821
45.0,30.0,28.94,201701S_2016071900
43.0,30.0,29.59,201701S_2016071903
40.0,30.0,30.56,201701S_2016071906
38.0,30.0,24.81,201701S_2016071909
35.0,30.0,22.73,201701S_2016071912
25.0,25.0,27.23,201701W_2017010806
28.0,25.0,33.57,201701W_2017010809
30.0,25.0,25.94,201701W_2017010812
30.0,25.0,27.55,201701W_2017010815
30.0,25.0,27.05,201701W_2017010818
28.0,25.0,21.82,201701W_2017010821
25.0,25.0,21.27,201701W_2017010900
23.0,23.0,32.29,201701W_2017010903
30.0,40.0,58.87,201702E_2017053118
30.0,40.0,60.24,201702E_2017053121
30.0,40.0,49.27,201702E_2017060100
32.0,35.0,57.12,201702E_2017060103
35.0,30.0,43.84,201702E_2017060106
35.0,45.0,40.27,201702I_2017052718
35.0,48.0,51.50,201702I_2017052721
35.0,50.0,59.52,201702I_2017052800
35.0,53.0,61.76,201702I_2017052803
35.0,55.0,58.23,201702I_2017052806
38.0,58.0,56.24,201702I_2017052809
40.0,60.0,52.25,201702I_2017052812
43.0,65.0,54.22,201702I_2017052815
45.0,70.0,60.55,201702I_2017052818
48.0,75.0,63.14,201702I_2017052821
50.0,80.0,55.91,201702I_2017052900
53.0,68.0,60.01,201702I_2017052903
55.0,55.0,51.90,201702I_2017052906
58.0,48.0,42.36,201702I_2017052909
60.0,40.0,37.91,201702I_2017052912
65.0,35.0,40.29,201702I_2017052915
70.0,30.0,42.12,201702I_2017052918
35.0,35.0,16.37,201702S_2016121900
35.0,35.0,28.48,201702S_2016121903
35.0,35.0,25.88,201702S_2016121906
35.0,38.0,40.06,201702S_2016121909
35.0,40.0,35.00,201702S_2016121912
35.0,40.0,37.72,201702S_2016121915
35.0,40.0,31.83,201702S_2016121918
35.0,43.0,43.97,201702S_2016121921
35.0,45.0,41.77,201702S_2016122000
35.0,45.0,43.11,201702S_2016122003
35.0,45.0,30.43,201702S_2016122006
38.0,48.0,37.03,201702S_2016122009
40.0,50.0,42.48,201702S_2016122012
40.0,48.0,36.50,201702S_2016122015
40.0,45.0,40.55,201702S_2016122018
43.0,45.0,43.26,201702S_2016122021
45.0,45.0,43.20,201702S_2016122100
45.0,45.0,48.43,201702S_2016122103
45.0,45.0,50.99,201702S_2016122106
48.0,43.0,53.29,201702S_2016122109
50.0,40.0,51.69,201702S_2016122112
48.0,40.0,50.10,201702S_2016122115
45.0,40.0,46.74,201702S_2016122118
45.0,38.0,46.28,201702S_2016122121
45.0,35.0,51.94,201702S_2016122200
45.0,35.0,56.45,201702S_2016122203
45.0,35.0,52.86,201702S_2016122206
43.0,35.0,53.93,201702S_2016122209
40.0,35.0,48.49,201702S_2016122212
40.0,33.0,46.74,201702S_2016122215
40.0,30.0,40.64,201702S_2016122218
38.0,28.0,42.34,201702S_2016122221
35.0,25.0,43.39,201702S_2016122300
35.0,25.0,45.64,201702S_2016122303
35.0,25.0,41.77,201702S_2016122306
35.0,25.0,48.74,201702S_2016122309
35.0,25.0,39.60,201702S_2016122312
33.0,25.0,38.99,201702S_2016122315
30.0,25.0,37.81,201702S_2016122318
28.0,23.0,29.10,201702S_2016122321
25.0,25.0,28.31,201702W_2017041806
25.0,23.0,21.13,201702W_2017041809
30.0,35.0,47.81,201703E_2017061118
30.0,38.0,42.37,201703E_2017061121
30.0,40.0,34.42,201703E_2017061200
30.0,35.0,36.87,201703E_2017061203
30.0,30.0,41.08,201703E_2017061206
30.0,50.0,44.24,201703I_2017112906
33.0,53.0,47.79,201703I_2017112909
35.0,55.0,50.48,201703I_2017112912
38.0,58.0,57.02,201703I_2017112915
40.0,60.0,60.98,201703I_2017112918
43.0,63.0,69.15,201703I_2017112921
45.0,65.0,69.97,201703I_2017113000
48.0,68.0,73.07,201703I_2017113003
50.0,70.0,70.48,201703I_2017113006
53.0,73.0,71.39,201703I_2017113009
55.0,75.0,67.29,201703I_2017113012
58.0,78.0,81.33,201703I_2017113015
60.0,80.0,78.20,201703I_2017113018
63.0,83.0,83.47,201703I_2017113021
65.0,85.0,84.75,201703I_2017120100
68.0,88.0,81.88,201703I_2017120103
70.0,90.0,90.22,201703I_2017120106
73.0,95.0,94.95,201703I_2017120109
75.0,100.0,94.20,201703I_2017120112
78.0,98.0,101.91,201703I_2017120115
80.0,95.0,105.41,201703I_2017120118
83.0,93.0,113.15,201703I_2017120121
85.0,90.0,108.63,201703I_2017120200
88.0,85.0,109.14,201703I_2017120203
90.0,80.0,110.41,201703I_2017120206
95.0,78.0,117.32,201703I_2017120209
100.0,75.0,117.87,201703I_2017120212
98.0,75.0,112.72,201703I_2017120215
95.0,75.0,105.92,201703I_2017120218
93.0,75.0,106.16,201703I_2017120221
90.0,75.0,101.33,201703I_2017120300
85.0,73.0,99.80,201703I_2017120303
80.0,70.0,88.94,201703I_2017120306
78.0,68.0,82.86,201703I_2017120309
75.0,65.0,77.02,201703I_2017120312
75.0,63.0,70.31,201703I_2017120315
75.0,60.0,66.83,201703I_2017120318
75.0,55.0,65.72,201703I_2017120321
75.0,50.0,66.57,201703I_2017120400
73.0,43.0,62.63,201703I_2017120403
70.0,35.0,64.65,201703I_2017120406
68.0,33.0,64.92,201703I_2017120409
50.0,45.0,42.96,201703L_2017062100
50.0,45.0,46.19,201703L_2017062103
50.0,45.0,45.47,201703L_2017062106
50.0,42.0,39.46,201703L_2017062109
50.0,40.0,37.48,201703L_2017062112
48.0,38.0,32.03,201703L_2017062115
45.0,35.0,29.99,201703L_2017062118
45.0,32.0,22.92,201703L_2017062121
45.0,30.0,21.18,201703L_2017062200
45.0,30.0,22.65,201703L_2017062203
45.0,30.0,18.72,201703L_2017062206
42.0,30.0,10.50,201703L_2017062209
40.0,30.0,14.71,201703L_2017062212
38.0,28.0,8.65,201703L_2017062215
25.0,35.0,29.26,201703S_2017012612
25.0,38.0,36.54,201703S_2017012615
25.0,40.0,38.86,201703S_2017012618
28.0,45.0,41.24,201703S_2017012621
30.0,50.0,39.77,201703S_2017012700
33.0,50.0,43.62,201703S_2017012703
35.0,50.0,44.78,201703S_2017012706
35.0,48.0,44.49,201703S_2017012709
35.0,45.0,42.08,201703S_2017012712
38.0,43.0,44.63,201703S_2017012715
40.0,40.0,47.19,201703S_2017012718
45.0,38.0,44.05,201703S_2017012721
50.0,35.0,46.33,201703S_2017012800
50.0,33.0,49.27,201703S_2017012803
50.0,30.0,51.38,201703S_2017012806
48.0,30.0,43.56,201703S_2017012809
45.0,30.0,36.71,201703S_2017012812
43.0,30.0,36.74,201703S_2017012815
40.0,30.0,40.64,201703S_2017012818
38.0,28.0,36.22,201703S_2017012821
35.0,25.0,35.16,201703S_2017012900
33.0,25.0,34.07,201703S_2017012903
30.0,25.0,27.91,201703S_2017012906
30.0,25.0,35.51,201703S_2017012909
30.0,25.0,28.46,201703S_2017012912
30.0,23.0,35.93,201703S_2017012915
30.0,20.0,34.65,201703S_2017012918
28.0,20.0,31.20,201703S_2017012921
25.0,20.0,28.19,201703S_2017013000
25.0,20.0,28.06,201703S_2017013003
25.0,20.0,25.27,201703S_2017013006
25.0,20.0,25.29,201703S_2017013009
25.0,20.0,29.53,201703S_2017013012
23.0,20.0,26.55,201703S_2017013015
20.0,20.0,30.57,201703S_2017020112
20.0,20.0,29.93,201703S_2017020115
20.0,20.0,26.94,201703S_2017020200
30.0,35.0,43.68,201703W_2017042506
30.0,35.0,43.11,201703W_2017042509
30.0,35.0,39.16,201703W_2017042512
33.0,38.0,40.35,201703W_2017042515
35.0,40.0,40.24,201703W_2017042518
35.0,40.0,49.76,201703W_2017042521
35.0,40.0,53.06,201703W_2017042600
35.0,38.0,49.85,201703W_2017042603
35.0,35.0,56.42,201703W_2017042606
35.0,33.0,51.47,201703W_2017042609
35.0,30.0,41.94,201703W_2017042612
38.0,28.0,44.05,201703W_2017042615
40.0,25.0,44.36,201703W_2017042618
40.0,23.0,47.41,201703W_2017042621
30.0,55.0,54.28,201704E_2017062500
32.0,60.0,58.72,201704E_2017062503
35.0,65.0,60.09,201704E_2017062506
38.0,75.0,56.39,201704E_2017062509
40.0,85.0,54.54,201704E_2017062512
42.0,88.0,63.64,201704E_2017062515
45.0,90.0,60.65,201704E_2017062518
50.0,88.0,59.67,201704E_2017062521
55.0,85.0,70.34,201704E_2017062600
60.0,80.0,73.53,201704E_2017062603
65.0,75.0,72.56,201704E_2017062606
75.0,70.0,77.75,201704E_2017062609
85.0,65.0,86.08,201704E_2017062612
88.0,60.0,83.61,201704E_2017062615
90.0,55.0,90.15,201704E_2017062618
88.0,50.0,80.48,201704E_2017062621
85.0,45.0,81.15,201704E_2017062700
80.0,40.0,73.29,201704E_2017062703
40.0,25.0,27.49,201704I_2017120818
38.0,25.0,25.82,201704I_2017120821
35.0,25.0,23.19,201704I_2017120900
33.0,23.0,23.58,201704I_2017120903
30.0,20.0,22.45,201704I_2017120906
25.0,25.0,26.25,201704L_2017070600
25.0,25.0,40.10,201704L_2017070603
25.0,25.0,42.93,201704L_2017070606
25.0,25.0,48.42,201704L_2017070609
25.0,25.0,36.30,201704L_2017070612
25.0,40.0,44.68,201704S_2017020306
28.0,43.0,48.29,201704S_2017020309
30.0,45.0,60.79,201704S_2017020312
33.0,45.0,63.09,201704S_2017020315
35.0,45.0,55.29,201704S_2017020318
38.0,48.0,54.12,201704S_2017020321
40.0,50.0,55.57,201704S_2017020400
40.0,50.0,57.61,201704S_2017020403
40.0,50.0,51.50,201704S_2017020406
43.0,53.0,58.31,201704S_2017020409
45.0,55.0,67.01,201704S_2017020412
45.0,58.0,64.92,201704S_2017020415
45.0,60.0,60.43,201704S_2017020418
48.0,60.0,58.88,201704S_2017020421
50.0,60.0,63.13,201704S_2017020500
50.0,58.0,72.89,201704S_2017020503
50.0,55.0,62.59,201704S_2017020506
53.0,53.0,72.25,201704S_2017020509
55.0,50.0,65.38,201704S_2017020512
58.0,50.0,60.07,201704S_2017020515
60.0,50.0,62.75,201704S_2017020518
60.0,48.0,68.58,201704S_2017020521
60.0,45.0,57.14,201704S_2017020600
58.0,45.0,50.59,201704S_2017020603
55.0,45.0,46.09,201704S_2017020606
53.0,45.0,45.74,201704S_2017020609
50.0,45.0,49.49,201704S_2017020612
50.0,45.0,42.06,201704S_2017020615
50.0,45.0,42.56,201704S_2017020618
48.0,45.0,45.21,201704S_2017020621
45.0,45.0,42.22,201704S_2017020700
45.0,45.0,46.24,201704S_2017020703
45.0,45.0,43.07,201704S_2017020706
45.0,48.0,52.79,201704S_2017020709
45.0,50.0,53.13,201704S_2017020712
45.0,53.0,55.56,201704S_2017020715
45.0,55.0,51.25,201704S_2017020718
45.0,60.0,50.93,201704S_2017020721
45.0,65.0,60.09,201704S_2017020800
45.0,68.0,55.06,201704S_2017020803
45.0,70.0,56.99,201704S_2017020806
48.0,68.0,44.83,201704S_2017020809
50.0,65.0,50.14,201704S_2017020812
53.0,63.0,56.65,201704S_2017020815
55.0,60.0,55.31,201704S_2017020818
60.0,60.0,62.66,201704S_2017020821
65.0,60.0,57.61,201704S_2017020900
68.0,58.0,58.96,201704S_2017020903
70.0,55.0,61.37,201704S_2017020906
68.0,55.0,58.30,201704S_2017020909
65.0,55.0,55.01,201704S_2017020912
63.0,53.0,52.36,201704S_2017020915
60.0,50.0,50.28,201704S_2017020918
60.0,50.0,53.78,201704S_2017020921
60.0,50.0,52.23,201704S_2017021000
58.0,50.0,49.05,201704S_2017021003
55.0,50.0,48.64,201704S_2017021006
55.0,48.0,45.14,201704S_2017021009
55.0,45.0,45.31,201704S_2017021012
53.0,43.0,47.29,201704S_2017021015
50.0,40.0,44.48,201704S_2017021018
50.0,38.0,43.27,201704S_2017021021
50.0,35.0,38.79,201704S_2017021100
50.0,33.0,38.88,201704S_2017021103
50.0,30.0,37.37,201704S_2017021106
48.0,30.0,37.69,201704S_2017021109
45.0,30.0,34.52,201704S_2017021112
43.0,30.0,33.80,201704S_2017021115
40.0,30.0,34.27,201704S_2017021118
38.0,30.0,30.11,201704S_2017021121
35.0,30.0,31.64,201704S_2017021200
30.0,45.0,39.40,201704W_2017061100
33.0,45.0,47.63,201704W_2017061103
35.0,45.0,51.52,201704W_2017061106
35.0,45.0,45.08,201704W_2017061109
35.0,45.0,46.99,201704W_2017061112
38.0,40.0,39.72,201704W_2017061115
40.0,35.0,39.16,201704W_2017061118
43.0,30.0,40.77,201704W_2017061121
45.0,25.0,35.14,201704W_2017061200
35.0,60.0,63.36,201705E_2017070718
35.0,65.0,69.43,201705E_2017070721
35.0,70.0,64.67,201705E_2017070800
38.0,78.0,64.36,201705E_2017070803
40.0,85.0,58.10,201705E_2017070806
45.0,90.0,66.26,201705E_2017070809
50.0,95.0,70.69,201705E_2017070812
55.0,98.0,66.70,201705E_2017070815
60.0,100.0,79.43,201705E_2017070818
65.0,95.0,89.22,201705E_2017070821
70.0,90.0,90.83,201705E_2017070900
78.0,88.0,92.11,201705E_2017070903
85.0,85.0,96.63,201705E_2017070906
90.0,80.0,97.66,201705E_2017070909
95.0,75.0,103.98,201705E_2017070912
98.0,72.0,98.71,201705E_2017070915
100.0,70.0,105.74,201705E_2017070918
95.0,65.0,101.27,201705E_2017070921
90.0,60.0,92.13,201705E_2017071000
88.0,58.0,88.74,201705E_2017071003
85.0,55.0,83.56,201705E_2017071006
80.0,52.0,73.57,201705E_2017071009
75.0,50.0,77.88,201705E_2017071012
72.0,48.0,66.23,201705E_2017071015
70.0,45.0,69.91,201705E_2017071018
65.0,42.0,59.35,201705E_2017071021
60.0,40.0,52.17,201705E_2017071100
58.0,38.0,57.79,201705E_2017071103
55.0,35.0,48.66,201705E_2017071106
52.0,32.0,46.96,201705E_2017071109
50.0,30.0,50.80,201705E_2017071112
48.0,30.0,52.85,201705E_2017071115
35.0,35.0,51.84,201705L_2017071712
30.0,40.0,57.91,201705S_2017021212
30.0,43.0,54.90,201705S_2017021215
30.0,45.0,51.46,201705S_2017021218
33.0,48.0,47.18,201705S_2017021221
35.0,50.0,45.36,201705S_2017021300
38.0,53.0,49.22,201705S_2017021303
40.0,55.0,60.87,201705S_2017021306
40.0,58.0,66.38,201705S_2017021309
40.0,60.0,66.06,201705S_2017021312
43.0,60.0,62.64,201705S_2017021315
45.0,60.0,54.47,201705S_2017021318
48.0,63.0,56.11,201705S_2017021321
50.0,65.0,61.13,201705S_2017021400
53.0,68.0,61.44,201705S_2017021403
55.0,70.0,67.66,201705S_2017021406
58.0,78.0,68.80,201705S_2017021409
60.0,85.0,70.23,201705S_2017021412
60.0,80.0,65.15,201705S_2017021415
60.0,75.0,60.58,201705S_2017021418
63.0,68.0,58.21,201705S_2017021421
65.0,60.0,61.50,201705S_2017021500
68.0,53.0,54.03,201705S_2017021503
70.0,45.0,46.54,201705S_2017021506
78.0,38.0,49.52,201705S_2017021509
85.0,30.0,47.79,201705S_2017021512
80.0,25.0,30.66,201705S_2017021515
35.0,50.0,60.86,201705W_2017070200
35.0,55.0,56.50,201705W_2017070203
35.0,60.0,58.97,201705W_2017070206
38.0,60.0,55.82,201705W_2017070209
40.0,60.0,51.35,201705W_2017070212
43.0,58.0,49.23,201705W_2017070215
45.0,55.0,42.10,201705W_2017070218
48.0,53.0,49.18,201705W_2017070221
50.0,50.0,49.36,201705W_2017070300
55.0,50.0,48.71,201705W_2017070303
60.0,50.0,55.57,201705W_2017070306
60.0,48.0,47.47,201705W_2017070309
60.0,45.0,43.06,201705W_2017070312
58.0,45.0,37.80,201705W_2017070315
55.0,45.0,37.37,201705W_2017070318
53.0,43.0,36.33,201705W_2017070321
50.0,40.0,36.72,201705W_2017070400
50.0,40.0,28.04,201705W_2017070403
30.0,40.0,51.23,201706E_2017071200
30.0,42.0,39.51,201706E_2017071203
30.0,45.0,44.24,201706E_2017071206
30.0,50.0,45.02,201706E_2017071209
30.0,55.0,42.44,201706E_2017071212
32.0,60.0,47.55,201706E_2017071215
35.0,65.0,51.05,201706E_2017071218
38.0,70.0,59.32,201706E_2017071221
40.0,75.0,63.33,201706E_2017071300
42.0,80.0,69.77,201706E_2017071303
45.0,85.0,71.36,201706E_2017071306
50.0,90.0,74.57,201706E_2017071309
55.0,95.0,85.46,201706E_2017071312
60.0,102.0,82.19,201706E_2017071315
65.0,110.0,96.52,201706E_2017071318
70.0,118.0,99.12,201706E_2017071321
75.0,125.0,105.52,201706E_2017071400
80.0,125.0,104.61,201706E_2017071403
85.0,125.0,105.36,201706E_2017071406
90.0,122.0,97.32,201706E_2017071409
95.0,120.0,116.86,201706E_2017071412
102.0,118.0,116.81,201706E_2017071415
110.0,115.0,120.13,201706E_2017071418
118.0,115.0,134.25,201706E_2017071421
125.0,115.0,138.11,201706E_2017071500
125.0,115.0,132.28,201706E_2017071503
125.0,115.0,127.90,201706E_2017071506
122.0,115.0,118.69,201706E_2017071509
120.0,115.0,130.90,201706E_2017071512
118.0,115.0,133.42,201706E_2017071515
115.0,115.0,131.53,201706E_2017071518
115.0,112.0,113.19,201706E_2017071521
115.0,110.0,131.74,201706E_2017071600
115.0,110.0,127.36,201706E_2017071603
115.0,110.0,129.64,201706E_2017071606
115.0,108.0,127.75,201706E_2017071609
115.0,105.0,133.31,201706E_2017071612
115.0,102.0,116.42,201706E_2017071615
115.0,100.0,124.20,201706E_2017071618
112.0,98.0,103.41,201706E_2017071621
110.0,95.0,120.65,201706E_2017071700
110.0,92.0,116.31,201706E_2017071703
110.0,90.0,110.66,201706E_2017071706
108.0,90.0,115.34,201706E_2017071709
105.0,90.0,117.47,201706E_2017071712
102.0,90.0,101.23,201706E_2017071715
100.0,90.0,104.36,201706E_2017071718
98.0,88.0,103.77,201706E_2017071721
95.0,85.0,102.08,201706E_2017071800
92.0,82.0,108.91,201706E_2017071803
90.0,80.0,92.76,201706E_2017071806
90.0,78.0,91.67,201706E_2017071809
90.0,75.0,81.88,201706E_2017071812
90.0,72.0,72.08,201706E_2017071815
90.0,70.0,78.05,201706E_2017071818
88.0,68.0,70.89,201706E_2017071821
85.0,65.0,74.36,201706E_2017071900
82.0,62.0,87.08,201706E_2017071903
80.0,60.0,72.02,201706E_2017071906
78.0,58.0,71.27,201706E_2017071909
75.0,55.0,63.18,201706E_2017071912
72.0,50.0,59.77,201706E_2017071915
70.0,45.0,50.51,201706E_2017071918
68.0,45.0,53.59,201706E_2017071921
65.0,45.0,54.90,201706E_2017072000
62.0,45.0,64.13,201706E_2017072003
60.0,45.0,43.37,201706E_2017072006
58.0,42.0,48.90,201706E_2017072009
55.0,40.0,38.80,201706E_2017072012
50.0,38.0,37.33,201706E_2017072015
45.0,35.0,32.43,201706E_2017072018
45.0,35.0,30.53,201706E_2017072021
45.0,35.0,33.18,201706E_2017072100
45.0,35.0,32.94,201706E_2017072103
45.0,35.0,34.01,201706E_2017072106
42.0,35.0,50.91,201706E_2017072109
40.0,35.0,33.05,201706E_2017072112
38.0,32.0,26.52,201706E_2017072115
35.0,30.0,36.52,201706L_2017073100
38.0,30.0,38.74,201706L_2017073103
40.0,30.0,42.36,201706L_2017073106
42.0,30.0,45.90,201706L_2017073109
45.0,30.0,45.02,201706L_2017073112
40.0,30.0,40.31,201706L_2017073115
35.0,30.0,43.00,201706L_2017073118
32.0,30.0,42.33,201706L_2017073121
30.0,25.0,30.88,201706S_2017021612
33.0,23.0,21.47,201706S_2017021615
35.0,25.0,37.96,201706S_2017021618
35.0,28.0,37.90,201706S_2017021621
35.0,30.0,37.14,201706S_2017021700
33.0,33.0,30.17,201706S_2017021703
30.0,35.0,39.79,201706S_2017021706
28.0,38.0,37.90,201706S_2017021709
25.0,40.0,33.62,201706S_2017021712
23.0,45.0,33.42,201706S_2017021715
25.0,50.0,31.29,201706S_2017021900
28.0,50.0,31.90,201706S_2017021903
30.0,50.0,37.11,201706S_2017021906
33.0,45.0,38.61,201706S_2017021909
35.0,40.0,39.24,201706S_2017021912
38.0,38.0,39.32,201706S_2017021915
40.0,35.0,42.19,201706S_2017021918
45.0,33.0,38.37,201706S_2017021921
50.0,30.0,42.55,201706S_2017022000
50.0,28.0,36.65,201706S_2017022003
50.0,25.0,40.39,201706S_2017022006
30.0,50.0,45.97,201706W_2017071512
33.0,48.0,48.53,201706W_2017071515
35.0,45.0,50.53,201706W_2017071518
38.0,43.0,36.14,201706W_2017071521
40.0,40.0,34.37,201706W_2017071600
45.0,35.0,30.12,201706W_2017071603
50.0,30.0,35.55,201706W_2017071606
50.0,25.0,16.96,201706W_2017071609
30.0,35.0,43.18,201707E_2017071718
30.0,35.0,48.83,201707E_2017071721
30.0,35.0,50.23,201707E_2017071800
30.0,35.0,44.87,201707E_2017071803
30.0,35.0,45.80,201707E_2017071806
32.0,38.0,61.54,201707E_2017071809
35.0,40.0,59.72,201707E_2017071812
35.0,40.0,64.09,201707E_2017071815
35.0,40.0,59.91,201707E_2017071818
35.0,38.0,53.02,201707E_2017071821
35.0,35.0,51.37,201707E_2017071900
35.0,35.0,52.85,201707E_2017071903
35.0,35.0,52.91,201707E_2017071906
38.0,38.0,56.06,201707E_2017071909
40.0,40.0,57.18,201707E_2017071912
40.0,42.0,49.79,201707E_2017071915
40.0,45.0,56.35,201707E_2017071918
38.0,48.0,66.93,201707E_2017071921
35.0,50.0,59.94,201707E_2017072000
35.0,50.0,58.93,201707E_2017072003
35.0,50.0,59.76,201707E_2017072006
38.0,48.0,73.10,201707E_2017072009
40.0,45.0,62.88,201707E_2017072012
42.0,45.0,69.26,201707E_2017072015
45.0,45.0,64.36,201707E_2017072018
48.0,45.0,69.11,201707E_2017072021
50.0,45.0,72.64,201707E_2017072100
50.0,45.0,70.28,201707E_2017072103
50.0,45.0,71.49,201707E_2017072106
48.0,45.0,59.59,201707E_2017072109
45.0,45.0,48.82,201707E_2017072112
45.0,45.0,61.76,201707E_2017072115
45.0,45.0,51.54,201707E_2017072118
45.0,45.0,53.78,201707E_2017072121
45.0,45.0,53.07,201707E_2017072200
45.0,45.0,50.02,201707E_2017072203
45.0,45.0,52.45,201707E_2017072206
45.0,45.0,47.52,201707E_2017072209
45.0,45.0,46.67,201707E_2017072212
45.0,45.0,46.91,201707E_2017072215
45.0,45.0,45.66,201707E_2017072218
45.0,45.0,50.07,201707E_2017072221
45.0,45.0,50.39,201707E_2017072300
45.0,42.0,52.63,201707E_2017072303
45.0,40.0,50.90,201707E_2017072306
45.0,40.0,47.93,201707E_2017072309
45.0,40.0,59.44,201707E_2017072312
45.0,40.0,60.16,201707E_2017072315
45.0,40.0,60.35,201707E_2017072318
45.0,40.0,54.60,201707E_2017072321
45.0,40.0,63.16,201707E_2017072400
42.0,40.0,65.34,201707E_2017072403
40.0,40.0,46.04,201707E_2017072406
40.0,38.0,49.23,201707E_2017072409
40.0,35.0,46.99,201707E_2017072412
40.0,35.0,37.45,201707E_2017072415
40.0,35.0,42.89,201707E_2017072418
40.0,32.0,39.29,201707E_2017072421
40.0,30.0,39.73,201707E_2017072500
40.0,30.0,32.04,201707E_2017072503
40.0,30.0,28.21,201707E_2017072506
38.0,28.0,35.02,201707E_2017072509
35.0,25.0,32.56,201707E_2017072512
35.0,25.0,31.35,201707E_2017072515
40.0,50.0,37.68,201707L_2017080706
42.0,45.0,49.07,201707L_2017080709
45.0,40.0,40.29,201707L_2017080712
48.0,38.0,50.86,201707L_2017080715
50.0,35.0,58.90,201707L_2017080718
50.0,38.0,56.28,201707L_2017080721
50.0,40.0,56.15,201707L_2017080800
50.0,48.0,52.53,201707L_2017080803
50.0,55.0,49.55,201707L_2017080806
45.0,58.0,47.43,201707L_2017080809
40.0,60.0,47.12,201707L_2017080812
38.0,62.0,41.91,201707L_2017080815
35.0,65.0,38.02,201707L_2017080818
38.0,70.0,48.45,201707L_2017080821
40.0,75.0,50.76,201707L_2017080900
48.0,68.0,54.97,201707L_2017080903
55.0,60.0,61.22,201707L_2017080906
58.0,42.0,54.61,201707L_2017080909
60.0,25.0,55.61,201707L_2017080912
35.0,40.0,42.29,201707S_2017022018
35.0,38.0,45.88,201707S_2017022021
35.0,35.0,38.94,201707S_2017022100
38.0,35.0,34.89,201707S_2017022103
40.0,35.0,37.24,201707S_2017022106
40.0,33.0,33.21,201707S_2017022109
35.0,45.0,41.99,201707W_2017072106
38.0,48.0,45.26,201707W_2017072109
40.0,50.0,44.40,201707W_2017072112
40.0,50.0,46.07,201707W_2017072115
40.0,50.0,41.67,201707W_2017072118
40.0,53.0,43.35,201707W_2017072121
40.0,55.0,45.44,201707W_2017072200
43.0,60.0,44.46,201707W_2017072203
45.0,65.0,44.41,201707W_2017072206
48.0,70.0,43.26,201707W_2017072209
50.0,75.0,52.79,201707W_2017072212
50.0,80.0,52.92,201707W_2017072215
50.0,85.0,58.75,201707W_2017072218
53.0,88.0,56.48,201707W_2017072221
55.0,90.0,55.03,201707W_2017072300
60.0,88.0,54.07,201707W_2017072303
65.0,85.0,64.13,201707W_2017072306
70.0,85.0,74.32,201707W_2017072309
75.0,85.0,84.32,201707W_2017072312
80.0,85.0,83.34,201707W_2017072315
85.0,85.0,82.43,201707W_2017072318
88.0,85.0,82.33,201707W_2017072321
90.0,85.0,89.85,201707W_2017072400
88.0,85.0,92.77,201707W_2017072403
85.0,85.0,88.83,201707W_2017072406
85.0,85.0,95.78,201707W_2017072409
85.0,85.0,107.04,201707W_2017072412
85.0,83.0,112.61,201707W_2017072415
85.0,80.0,98.15,201707W_2017072418
85.0,80.0,101.49,201707W_2017072421
85.0,80.0,102.02,201707W_2017072500
85.0,80.0,102.59,201707W_2017072503
85.0,80.0,98.75,201707W_2017072506
85.0,78.0,99.35,201707W_2017072509
85.0,75.0,89.05,201707W_2017072512
83.0,75.0,81.85,201707W_2017072515
80.0,75.0,85.84,201707W_2017072518
80.0,75.0,78.14,201707W_2017072521
80.0,75.0,83.97,201707W_2017072600
80.0,75.0,87.40,201707W_2017072603
80.0,75.0,87.20,201707W_2017072606
78.0,75.0,85.29,201707W_2017072609
75.0,75.0,70.76,201707W_2017072612
75.0,73.0,63.99,201707W_2017072615
75.0,70.0,58.98,201707W_2017072618
75.0,70.0,62.06,201707W_2017072621
75.0,70.0,66.60,201707W_2017072700
75.0,70.0,71.87,201707W_2017072703
75.0,70.0,69.87,201707W_2017072706
75.0,68.0,70.21,201707W_2017072709
75.0,65.0,66.22,201707W_2017072712
73.0,65.0,63.71,201707W_2017072715
70.0,65.0,61.00,201707W_2017072718
70.0,65.0,51.00,201707W_2017072721
70.0,65.0,54.79,201707W_2017072800
70.0,65.0,67.18,201707W_2017072803
70.0,65.0,72.61,201707W_2017072806
68.0,65.0,53.66,201707W_2017072809
65.0,65.0,70.18,201707W_2017072812
65.0,65.0,67.08,201707W_2017072815
65.0,65.0,73.96,201707W_2017072818
65.0,70.0,78.69,201707W_2017072821
65.0,75.0,78.16,201707W_2017072900
65.0,83.0,79.11,201707W_2017072903
65.0,90.0,74.68,201707W_2017072906
65.0,103.0,73.37,201707W_2017072909
65.0,115.0,76.11,201707W_2017072912
65.0,125.0,80.99,201707W_2017072915
65.0,135.0,86.10,201707W_2017072918
70.0,133.0,78.58,201707W_2017072921
75.0,130.0,92.24,201707W_2017073000
83.0,130.0,88.18,201707W_2017073003
90.0,130.0,106.05,201707W_2017073006
103.0,128.0,111.80,201707W_2017073009
115.0,125.0,116.93,201707W_2017073012
125.0,120.0,121.57,201707W_2017073015
135.0,115.0,128.28,201707W_2017073018
133.0,110.0,123.23,201707W_2017073021
130.0,105.0,135.94,201707W_2017073100
130.0,103.0,133.14,201707W_2017073103
130.0,100.0,132.43,201707W_2017073106
128.0,98.0,130.34,201707W_2017073109
125.0,95.0,128.20,201707W_2017073112
120.0,93.0,126.02,201707W_2017073115
115.0,90.0,117.98,201707W_2017073118
110.0,90.0,122.78,201707W_2017073121
105.0,90.0,117.22,201707W_2017080100
103.0,90.0,119.97,201707W_2017080103
100.0,90.0,113.97,201707W_2017080106
98.0,90.0,109.46,201707W_2017080109
95.0,90.0,107.04,201707W_2017080112
93.0,90.0,110.99,201707W_2017080115
90.0,90.0,104.80,201707W_2017080118
90.0,90.0,98.44,201707W_2017080121
90.0,90.0,98.71,201707W_2017080200
90.0,88.0,93.28,201707W_2017080203
90.0,85.0,85.77,201707W_2017080206
90.0,83.0,90.49,201707W_2017080209
90.0,80.0,82.75,201707W_2017080212
90.0,80.0,83.66,201707W_2017080215
90.0,80.0,91.61,201707W_2017080218
90.0,80.0,98.15,201707W_2017080221
90.0,80.0,91.14,201707W_2017080300
88.0,80.0,89.48,201707W_2017080303
85.0,80.0,87.93,201707W_2017080306
83.0,80.0,76.40,201707W_2017080309
80.0,80.0,77.56,201707W_2017080312
80.0,80.0,74.82,201707W_2017080315
80.0,80.0,79.39,201707W_2017080318
80.0,80.0,77.77,201707W_2017080321
80.0,80.0,72.63,201707W_2017080400
80.0,80.0,67.96,201707W_2017080403
80.0,80.0,64.77,201707W_2017080406
80.0,78.0,72.98,201707W_2017080409
80.0,75.0,74.15,201707W_2017080412
80.0,75.0,71.11,201707W_2017080415
80.0,75.0,69.88,201707W_2017080418
80.0,75.0,74.85,201707W_2017080421
80.0,75.0,68.89,201707W_2017080500
80.0,75.0,67.84,201707W_2017080503
80.0,75.0,60.93,201707W_2017080506
78.0,73.0,59.77,201707W_2017080509
75.0,70.0,61.82,201707W_2017080512
75.0,68.0,62.07,201707W_2017080515
75.0,65.0,57.22,201707W_2017080518
75.0,65.0,58.42,201707W_2017080521
75.0,65.0,54.53,201707W_2017080600
75.0,65.0,56.35,201707W_2017080603
75.0,65.0,54.68,201707W_2017080606
73.0,60.0,48.00,201707W_2017080609
70.0,55.0,47.43,201707W_2017080612
68.0,43.0,44.57,201707W_2017080615
65.0,30.0,36.73,201707W_2017080618
65.0,28.0,37.97,201707W_2017080621
65.0,25.0,35.44,201707W_2017080700
65.0,23.0,38.46,201707W_2017080703
25.0,30.0,38.00,201708E_2017071712
28.0,30.0,48.12,201708E_2017071715
30.0,30.0,49.41,201708E_2017071718
30.0,30.0,48.90,201708E_2017071721
30.0,30.0,44.40,201708E_2017071800
30.0,30.0,43.09,201708E_2017071803
30.0,30.0,44.30,201708E_2017071806
30.0,28.0,42.58,201708E_2017071809
30.0,25.0,42.32,201708E_2017071812
30.0,25.0,45.78,201708E_2017071815
30.0,25.0,44.56,201708E_2017071818
30.0,25.0,43.27,201708E_2017071821
30.0,25.0,42.59,201708E_2017071900
30.0,25.0,37.67,201708E_2017071903
35.0,40.0,37.65,201708L_2017081300
35.0,42.0,45.20,201708L_2017081303
35.0,45.0,47.56,201708L_2017081306
35.0,48.0,51.24,201708L_2017081309
35.0,50.0,44.63,201708L_2017081312
35.0,52.0,40.97,201708L_2017081315
35.0,55.0,52.93,201708L_2017081318
38.0,58.0,59.70,201708L_2017081321
40.0,60.0,58.40,201708L_2017081400
42.0,62.0,63.29,201708L_2017081403
45.0,65.0,51.80,201708L_2017081406
48.0,68.0,58.73,201708L_2017081409
50.0,70.0,62.40,201708L_2017081412
52.0,70.0,72.70,201708L_2017081415
55.0,70.0,73.38,201708L_2017081418
58.0,72.0,68.76,201708L_2017081421
60.0,75.0,66.47,201708L_2017081500
62.0,78.0,76.92,201708L_2017081503
65.0,80.0,72.64,201708L_2017081506
68.0,82.0,77.63,201708L_2017081509
70.0,85.0,75.02,201708L_2017081512
70.0,90.0,69.21,201708L_2017081515
70.0,95.0,65.13,201708L_2017081518
72.0,92.0,81.54,201708L_2017081521
75.0,90.0,70.54,201708L_2017081600
78.0,85.0,73.74,201708L_2017081603
80.0,80.0,72.60,201708L_2017081606
82.0,70.0,76.64,201708L_2017081609
85.0,60.0,65.86,201708L_2017081612
90.0,55.0,71.38,201708L_2017081615
30.0,30.0,48.83,201708W_2017072100
30.0,30.0,44.32,201708W_2017072103
30.0,30.0,45.99,201708W_2017072106
30.0,30.0,50.23,201708W_2017072109
30.0,30.0,44.13,201708W_2017072112
30.0,30.0,41.41,201708W_2017072115
30.0,30.0,45.46,201708W_2017072118
30.0,33.0,44.69,201708W_2017072121
30.0,35.0,43.20,201708W_2017072200
30.0,35.0,41.27,201708W_2017072203
30.0,35.0,42.19,201708W_2017072206
30.0,35.0,37.09,201708W_2017072209
30.0,35.0,33.58,201708W_2017072212
30.0,35.0,35.92,201708W_2017072215
30.0,35.0,36.18,201708W_2017072218
33.0,35.0,38.65,201708W_2017072221
35.0,35.0,34.37,201708W_2017072300
35.0,38.0,38.54,201708W_2017072303
35.0,40.0,35.29,201708W_2017072306
35.0,43.0,39.64,201708W_2017072309
35.0,45.0,33.45,201708W_2017072312
35.0,45.0,40.91,201708W_2017072315
35.0,45.0,39.32,201708W_2017072318
35.0,45.0,47.83,201708W_2017072321
35.0,45.0,51.08,201708W_2017072400
38.0,45.0,49.33,201708W_2017072403
40.0,45.0,49.45,201708W_2017072406
43.0,43.0,48.85,201708W_2017072409
45.0,40.0,49.75,201708W_2017072412
45.0,38.0,37.19,201708W_2017072415
45.0,35.0,39.83,201708W_2017072418
45.0,33.0,38.73,201708W_2017072421
45.0,30.0,38.27,201708W_2017072500
30.0,35.0,51.04,201709E_2017072118
30.0,35.0,50.64,201709E_2017072121
30.0,35.0,53.87,201709E_2017072200
30.0,35.0,53.72,201709E_2017072203
30.0,35.0,45.39,201709E_2017072206
32.0,38.0,63.79,201709E_2017072209
35.0,40.0,44.67,201709E_2017072212
35.0,42.0,37.58,201709E_2017072215
35.0,45.0,45.07,201709E_2017072218
35.0,50.0,49.56,201709E_2017072221
35.0,55.0,59.39,201709E_2017072300
35.0,60.0,59.67,201709E_2017072303
35.0,65.0,61.32,201709E_2017072306
38.0,68.0,63.69,201709E_2017072309
40.0,70.0,60.06,201709E_2017072312
42.0,72.0,61.49,201709E_2017072315
45.0,75.0,68.20,201709E_2017072318
50.0,78.0,81.36,201709E_2017072321
55.0,80.0,79.21,201709E_2017072400
60.0,82.0,72.30,201709E_2017072403
65.0,85.0,88.81,201709E_2017072406
68.0,88.0,86.89,201709E_2017072409
70.0,90.0,81.34,201709E_2017072412
72.0,90.0,87.68,201709E_2017072415
75.0,90.0,92.23,201709E_2017072418
78.0,92.0,85.61,201709E_2017072421
80.0,95.0,95.72,201709E_2017072500
82.0,92.0,86.06,201709E_2017072503
85.0,90.0,99.58,201709E_2017072506
88.0,90.0,97.02,201709E_2017072509
90.0,90.0,91.72,201709E_2017072512
90.0,88.0,101.68,201709E_2017072515
90.0,85.0,95.52,201709E_2017072518
92.0,85.0,92.09,201709E_2017072521
95.0,85.0,99.77,201709E_2017072600
92.0,82.0,94.94,201709E_2017072603
90.0,80.0,96.11,201709E_2017072606
90.0,75.0,98.68,201709E_2017072609
90.0,70.0,97.57,201709E_2017072612
88.0,68.0,91.66,201709E_2017072615
85.0,65.0,95.41,201709E_2017072618
85.0,62.0,89.64,201709E_2017072621
85.0,60.0,87.19,201709E_2017072700
82.0,60.0,82.63,201709E_2017072703
80.0,60.0,84.89,201709E_2017072706
75.0,58.0,84.23,201709E_2017072709
70.0,55.0,72.12,201709E_2017072712
68.0,55.0,75.22,201709E_2017072715
65.0,55.0,75.53,201709E_2017072718
62.0,55.0,77.13,201709E_2017072721
60.0,55.0,72.70,201709E_2017072800
60.0,55.0,67.65,201709E_2017072803
60.0,55.0,65.38,201709E_2017072806
58.0,55.0,70.63,201709E_2017072809
55.0,55.0,67.82,201709E_2017072812
55.0,52.0,59.90,201709E_2017072815
55.0,50.0,64.89,201709E_2017072818
55.0,50.0,60.77,201709E_2017072821
55.0,50.0,61.47,201709E_2017072900
55.0,50.0,63.86,201709E_2017072903
55.0,50.0,60.09,201709E_2017072906
55.0,50.0,64.22,201709E_2017072909
55.0,50.0,62.52,201709E_2017072912
52.0,48.0,58.10,201709E_2017072915
50.0,45.0,52.65,201709E_2017072918
50.0,40.0,50.31,201709E_2017072921
30.0,40.0,35.05,201709L_2017081712
32.0,38.0,46.68,201709L_2017081715
35.0,35.0,44.98,201709L_2017081718
38.0,35.0,45.14,201709L_2017081721
40.0,35.0,46.04,201709L_2017081800
40.0,35.0,43.48,201709L_2017081803
40.0,35.0,44.14,201709L_2017081806
40.0,32.0,40.03,201709L_2017081809
40.0,30.0,39.03,201709L_2017081812
38.0,30.0,40.92,201709L_2017081815
35.0,30.0,42.97,201709L_2017081818
35.0,32.0,31.09,201709L_2017081821
35.0,35.0,40.21,201709L_2017081900
35.0,38.0,38.72,201709L_2017081903
35.0,40.0,41.86,201709L_2017081906
32.0,45.0,53.42,201709L_2017081909
30.0,50.0,44.68,201709L_2017081912
30.0,55.0,34.57,201709L_2017081915
30.0,60.0,39.54,201709L_2017082312
32.0,65.0,44.82,201709L_2017082315
35.0,70.0,40.64,201709L_2017082318
38.0,75.0,41.28,201709L_2017082321
40.0,80.0,43.51,201709L_2017082400
45.0,85.0,45.38,201709L_2017082403
50.0,90.0,63.74,201709L_2017082406
55.0,92.0,51.71,201709L_2017082409
60.0,95.0,78.24,201709L_2017082412
65.0,100.0,83.98,201709L_2017082415
70.0,105.0,80.68,201709L_2017082418
75.0,110.0,78.89,201709L_2017082421
80.0,115.0,76.19,201709L_2017082500
85.0,110.0,74.53,201709L_2017082503
90.0,105.0,69.81,201709L_2017082506
92.0,85.0,67.88,201709L_2017082509
95.0,65.0,64.45,201709L_2017082512
100.0,58.0,61.88,201709L_2017082515
105.0,50.0,61.22,201709L_2017082518
110.0,48.0,61.97,201709L_2017082521
115.0,45.0,60.23,201709L_2017082600
110.0,42.0,52.52,201709L_2017082603
105.0,40.0,55.62,201709L_2017082606
85.0,38.0,53.22,201709L_2017082609
65.0,35.0,41.08,201709L_2017082612
58.0,35.0,40.06,201709L_2017082615
50.0,35.0,39.30,201709L_2017082618
48.0,35.0,38.64,201709L_2017082621
45.0,35.0,37.83,201709L_2017082700
42.0,38.0,29.76,201709L_2017082703
40.0,40.0,42.54,201709L_2017082706
38.0,40.0,41.98,201709L_2017082709
35.0,40.0,37.56,201709L_2017082712
35.0,40.0,38.58,201709L_2017082715
35.0,40.0,38.75,201709L_2017082718
35.0,40.0,38.29,201709L_2017082721
35.0,40.0,35.61,201709L_2017082800
38.0,40.0,41.78,201709L_2017082803
40.0,40.0,45.78,201709L_2017082806
40.0,40.0,49.48,201709L_2017082809
40.0,40.0,47.45,201709L_2017082812
40.0,42.0,27.16,201709L_2017082815
40.0,45.0,38.83,201709L_2017082818
40.0,45.0,39.20,201709L_2017082821
40.0,45.0,40.50,201709L_2017082900
40.0,42.0,25.89,201709L_2017082903
40.0,40.0,43.03,201709L_2017082906
40.0,40.0,36.43,201709L_2017082909
40.0,40.0,37.16,201709L_2017082912
42.0,38.0,44.23,201709L_2017082915
45.0,35.0,34.50,201709L_2017082918
45.0,32.0,21.59,201709L_2017082921
45.0,30.0,33.27,201709L_2017083000
42.0,28.0,39.27,201709L_2017083003
40.0,25.0,32.07,201709L_2017083006
40.0,22.0,16.10,201709L_2017083009
40.0,20.0,28.49,201709L_2017083012
38.0,22.0,13.77,201709L_2017083015
35.0,25.0,20.74,201709L_2017083018
32.0,28.0,11.90,201709L_2017083021
30.0,30.0,21.36,201709L_2017083100
28.0,30.0,20.55,201709L_2017083103
30.0,55.0,48.47,201709S_2017030300
33.0,58.0,48.67,201709S_2017030303
35.0,60.0,48.34,201709S_2017030306
38.0,63.0,46.28,201709S_2017030309
40.0,65.0,52.92,201709S_2017030312
43.0,68.0,56.49,201709S_2017030315
45.0,70.0,58.42,201709S_2017030318
50.0,73.0,68.33,201709S_2017030321
55.0,75.0,70.83,201709S_2017030400
58.0,78.0,80.97,201709S_2017030403
60.0,80.0,77.67,201709S_2017030406
63.0,83.0,74.95,201709S_2017030409
65.0,85.0,76.78,201709S_2017030412
68.0,88.0,85.00,201709S_2017030415
70.0,90.0,94.75,201709S_2017030418
73.0,90.0,102.54,201709S_2017030421
75.0,90.0,100.56,201709S_2017030500
78.0,93.0,95.94,201709S_2017030503
80.0,95.0,96.42,201709S_2017030506
83.0,100.0,102.81,201709S_2017030509
85.0,105.0,101.81,201709S_2017030512
88.0,115.0,100.95,201709S_2017030515
90.0,125.0,107.60,201709S_2017030518
90.0,128.0,112.87,201709S_2017030521
90.0,130.0,106.67,201709S_2017030600
93.0,130.0,99.62,201709S_2017030603
95.0,130.0,96.32,201709S_2017030606
100.0,123.0,97.81,201709S_2017030609
105.0,115.0,103.47,201709S_2017030612
115.0,103.0,101.17,201709S_2017030615
125.0,90.0,100.73,201709S_2017030618
128.0,78.0,103.88,201709S_2017030621
130.0,65.0,94.23,201709S_2017030700
130.0,60.0,89.54,201709S_2017030703
130.0,55.0,85.67,201709S_2017030706
123.0,53.0,73.19,201709S_2017030709
115.0,50.0,71.69,201709S_2017030712
103.0,45.0,53.85,201709S_2017030715
90.0,40.0,51.62,201709S_2017030718
78.0,38.0,52.59,201709S_2017030721
65.0,35.0,44.16,201709S_2017030800
60.0,35.0,45.79,201709S_2017030803
55.0,35.0,38.12,201709S_2017030806
53.0,35.0,31.05,201709S_2017030809
50.0,35.0,37.20,201709S_2017030812
45.0,38.0,34.19,201709S_2017030815
40.0,40.0,33.18,201709S_2017030818
38.0,43.0,39.30,201709S_2017030821
35.0,45.0,39.05,201709S_2017030900
35.0,48.0,28.68,201709S_2017030903
35.0,50.0,45.64,201709W_2017072106
38.0,48.0,49.12,201709W_2017072109
40.0,45.0,46.01,201709W_2017072112
43.0,45.0,44.98,201709W_2017072115
45.0,45.0,37.28,201709W_2017072118
48.0,43.0,37.06,201709W_2017072121
50.0,40.0,44.95,201709W_2017072200
50.0,40.0,40.21,201709W_2017072203
50.0,40.0,44.15,201709W_2017072206
48.0,40.0,42.11,201709W_2017072209
45.0,40.0,42.60,201709W_2017072212
45.0,40.0,43.68,201709W_2017072215
45.0,40.0,44.49,201709W_2017072218
43.0,43.0,44.83,201709W_2017072221
40.0,45.0,44.82,201709W_2017072300
40.0,45.0,45.99,201709W_2017072303
40.0,45.0,41.79,201709W_2017072306
40.0,45.0,48.54,201709W_2017072309
40.0,45.0,44.83,201709W_2017072312
40.0,43.0,48.47,201709W_2017072315
40.0,40.0,36.29,201709W_2017072318
43.0,38.0,34.95,201709W_2017072321
45.0,35.0,39.90,201709W_2017072400
45.0,35.0,46.24,201709W_2017072403
45.0,35.0,39.02,201709W_2017072406
45.0,33.0,48.76,201709W_2017072409
45.0,30.0,53.26,201709W_2017072412
43.0,30.0,39.05,201709W_2017072415
40.0,30.0,38.75,201709W_2017072418
38.0,30.0,38.83,201709W_2017072421
35.0,30.0,36.47,201709W_2017072500
35.0,30.0,36.98,201709W_2017072503
35.0,30.0,37.74,201709W_2017072506
33.0,28.0,40.68,201709W_2017072509
30.0,25.0,40.02,201709W_2017072512
30.0,23.0,39.51,201709W_2017072515
30.0,35.0,43.45,201710E_2017072212
30.0,38.0,44.04,201710E_2017072215
30.0,40.0,37.16,201710E_2017072218
30.0,42.0,34.97,201710E_2017072221
30.0,45.0,46.99,201710E_2017072300
32.0,48.0,56.48,201710E_2017072303
35.0,50.0,55.41,201710E_2017072306
35.0,52.0,48.07,201710E_2017072309
35.0,55.0,52.71,201710E_2017072312
38.0,58.0,54.86,201710E_2017072315
40.0,60.0,53.63,201710E_2017072318
42.0,62.0,69.06,201710E_2017072321
45.0,65.0,59.94,201710E_2017072400
48.0,68.0,67.91,201710E_2017072403
50.0,70.0,68.74,201710E_2017072406
52.0,72.0,71.75,201710E_2017072409
55.0,75.0,71.68,201710E_2017072412
58.0,78.0,67.90,201710E_2017072415
60.0,80.0,69.86,201710E_2017072418
62.0,80.0,73.77,201710E_2017072421
65.0,80.0,71.51,201710E_2017072500
68.0,75.0,66.25,201710E_2017072503
70.0,70.0,69.09,201710E_2017072506
72.0,62.0,87.64,201710E_2017072509
75.0,55.0,65.07,201710E_2017072512
78.0,52.0,70.25,201710E_2017072515
80.0,50.0,65.72,201710E_2017072518
80.0,50.0,73.08,201710E_2017072521
80.0,50.0,69.53,201710E_2017072600
75.0,50.0,77.69,201710E_2017072603
70.0,50.0,76.59,201710E_2017072606
62.0,50.0,71.62,201710E_2017072609
55.0,50.0,64.32,201710E_2017072612
52.0,50.0,59.33,201710E_2017072615
50.0,50.0,50.40,201710E_2017072618
50.0,50.0,47.79,201710E_2017072621
50.0,50.0,52.16,201710E_2017072700
50.0,50.0,55.69,201710E_2017072703
50.0,50.0,63.42,201710E_2017072706
50.0,50.0,50.85,201710E_2017072709
50.0,50.0,51.64,201710E_2017072712
50.0,50.0,58.16,201710E_2017072715
50.0,50.0,62.71,201710E_2017072718
50.0,50.0,70.11,201710E_2017072721
50.0,50.0,71.61,201710E_2017072800
50.0,50.0,64.29,201710E_2017072803
50.0,50.0,64.26,201710E_2017072806
50.0,50.0,61.27,201710E_2017072809
50.0,50.0,64.06,201710E_2017072812
50.0,50.0,62.84,201710E_2017072815
50.0,50.0,70.94,201710E_2017072818
50.0,52.0,67.95,201710E_2017072821
50.0,55.0,68.40,201710E_2017072900
50.0,55.0,65.61,201710E_2017072903
50.0,55.0,61.91,201710E_2017072906
50.0,55.0,55.66,201710E_2017072909
50.0,55.0,58.98,201710E_2017072912
50.0,55.0,62.26,201710E_2017072915
50.0,55.0,57.97,201710E_2017072918
52.0,55.0,67.15,201710E_2017072921
55.0,55.0,59.63,201710E_2017073000
55.0,52.0,51.13,201710E_2017073003
55.0,50.0,54.55,201710E_2017073006
55.0,50.0,56.67,201710E_2017073009
55.0,50.0,51.45,201710E_2017073012
55.0,50.0,50.51,201710E_2017073015
55.0,50.0,46.54,201710E_2017073018
55.0,48.0,49.46,201710E_2017073021
55.0,45.0,50.51,201710E_2017073100
52.0,45.0,46.26,201710E_2017073103
50.0,45.0,44.00,201710E_2017073106
50.0,40.0,47.10,201710E_2017073109
50.0,35.0,44.36,201710E_2017073112
50.0,32.0,39.45,201710E_2017073115
25.0,50.0,37.75,201710S_2017030418
30.0,53.0,39.55,201710S_2017030421
35.0,55.0,35.28,201710S_2017030500
38.0,50.0,32.81,201710S_2017030503
40.0,45.0,37.90,201710S_2017030506
43.0,40.0,35.78,201710S_2017030509
45.0,35.0,33.33,201710S_2017030512
48.0,28.0,27.15,201710S_2017030515
30.0,30.0,27.01,201710W_2017072200
33.0,25.0,28.11,201710W_2017072203
30.0,30.0,32.31,201711E_2017080412
30.0,28.0,31.55,201711E_2017080415
35.0,65.0,49.91,201711L_2017083006
40.0,72.0,57.51,201711L_2017083009
45.0,80.0,63.98,201711L_2017083012
48.0,88.0,65.89,201711L_2017083015
50.0,95.0,76.75,201711L_2017083018
52.0,98.0,73.43,201711L_2017083021
55.0,100.0,72.78,201711L_2017083100
60.0,100.0,77.53,201711L_2017083103
65.0,100.0,79.22,201711L_2017083106
72.0,100.0,90.67,201711L_2017083109
80.0,100.0,88.96,201711L_2017083112
88.0,100.0,101.35,201711L_2017083115
95.0,100.0,111.09,201711L_2017083118
98.0,100.0,102.67,201711L_2017083121
100.0,100.0,112.15,201711L_2017090100
100.0,100.0,107.43,201711L_2017090103
100.0,100.0,108.91,201711L_2017090106
100.0,98.0,100.17,201711L_2017090109
100.0,95.0,99.93,201711L_2017090112
100.0,95.0,108.01,201711L_2017090115
100.0,95.0,111.55,201711L_2017090118
100.0,95.0,103.75,201711L_2017090121
100.0,95.0,105.93,201711L_2017090200
100.0,95.0,99.29,201711L_2017090203
100.0,95.0,104.50,201711L_2017090206
98.0,98.0,100.48,201711L_2017090209
95.0,100.0,93.31,201711L_2017090212
95.0,100.0,99.73,201711L_2017090215
95.0,100.0,97.99,201711L_2017090218
95.0,100.0,97.50,201711L_2017090221
95.0,100.0,106.13,201711L_2017090300
95.0,102.0,86.80,201711L_2017090303
95.0,105.0,103.39,201711L_2017090306
98.0,108.0,103.39,201711L_2017090309
100.0,110.0,101.90,201711L_2017090312
100.0,112.0,95.95,201711L_2017090315
100.0,115.0,106.87,201711L_2017090318
100.0,120.0,114.79,201711L_2017090321
100.0,125.0,112.62,201711L_2017090400
102.0,130.0,106.57,201711L_2017090403
105.0,135.0,116.35,201711L_2017090406
108.0,142.0,110.17,201711L_2017090409
110.0,150.0,122.75,201711L_2017090412
112.0,152.0,111.34,201711L_2017090415
115.0,155.0,127.24,201711L_2017090418
120.0,155.0,128.96,201711L_2017090421
125.0,155.0,130.29,201711L_2017090500
130.0,155.0,134.75,201711L_2017090503
135.0,155.0,137.00,201711L_2017090506
142.0,155.0,133.74,201711L_2017090509
150.0,155.0,139.64,201711L_2017090512
152.0,152.0,127.06,201711L_2017090515
155.0,150.0,141.13,201711L_2017090518
155.0,150.0,137.76,201711L_2017090521
155.0,150.0,136.48,201711L_2017090600
155.0,148.0,134.74,201711L_2017090603
155.0,145.0,134.10,201711L_2017090606
155.0,145.0,129.42,201711L_2017090609
155.0,145.0,119.95,201711L_2017090612
152.0,145.0,113.95,201711L_2017090615
150.0,145.0,105.33,201711L_2017090618
150.0,142.0,97.48,201711L_2017090621
150.0,140.0,105.11,201711L_2017090700
148.0,138.0,108.52,201711L_2017090703
145.0,135.0,118.37,201711L_2017090706
145.0,135.0,107.20,201711L_2017090709
145.0,135.0,101.62,201711L_2017090712
145.0,138.0,98.79,201711L_2017090715
145.0,140.0,101.04,201711L_2017090718
142.0,142.0,96.53,201711L_2017090721
140.0,145.0,95.44,201711L_2017090800
138.0,138.0,93.43,201711L_2017090803
135.0,130.0,93.11,201711L_2017090806
135.0,120.0,91.61,201711L_2017090809
135.0,110.0,95.39,201711L_2017090812
138.0,102.0,86.38,201711L_2017090815
140.0,95.0,97.66,201711L_2017090818
142.0,98.0,94.97,201711L_2017090821
145.0,100.0,100.52,201711L_2017090900
138.0,108.0,99.26,201711L_2017090903
130.0,115.0,93.80,201711L_2017090906
120.0,115.0,88.98,201711L_2017090909
110.0,115.0,83.77,201711L_2017090912
102.0,108.0,80.57,201711L_2017090915
95.0,100.0,73.89,201711L_2017090918
98.0,90.0,68.91,201711L_2017090921
100.0,80.0,68.18,201711L_2017091000
108.0,72.0,67.95,201711L_2017091003
115.0,65.0,73.01,201711L_2017091006
115.0,58.0,74.44,201711L_2017091009
115.0,50.0,71.41,201711L_2017091012
108.0,48.0,68.00,201711L_2017091015
100.0,45.0,58.92,201711L_2017091018
90.0,40.0,52.58,201711L_2017091021
80.0,35.0,46.30,201711L_2017091100
72.0,30.0,41.45,201711L_2017091103
25.0,30.0,45.00,201711S_2017030612
28.0,30.0,43.78,201711S_2017030615
30.0,30.0,47.26,201711S_2017030618
30.0,30.0,51.77,201711S_2017030621
30.0,30.0,61.75,201711S_2017030700
30.0,30.0,52.55,201711S_2017030703
30.0,30.0,48.93,201711S_2017030706
30.0,30.0,51.65,201711S_2017030709
30.0,30.0,47.80,201711S_2017030712
30.0,33.0,47.40,201711S_2017030715
30.0,35.0,44.88,201711S_2017030718
30.0,38.0,41.89,201711S_2017030721
30.0,40.0,48.95,201711S_2017030800
30.0,43.0,42.29,201711S_2017030803
30.0,45.0,49.71,201711S_2017030806
30.0,43.0,48.19,201711S_2017030809
30.0,40.0,43.54,201711S_2017030812
33.0,40.0,44.94,201711S_2017030815
35.0,40.0,47.85,201711S_2017030818
38.0,38.0,47.38,201711S_2017030821
40.0,35.0,49.40,201711S_2017030900
43.0,35.0,57.13,201711S_2017030903
45.0,35.0,55.12,201711S_2017030906
43.0,35.0,61.04,201711S_2017030909
40.0,35.0,59.12,201711S_2017030912
40.0,35.0,55.29,201711S_2017030915
40.0,35.0,76.21,201711S_2017030918
38.0,33.0,69.86,201711S_2017030921
35.0,30.0,64.73,201711S_2017031000
35.0,30.0,55.31,201711S_2017031003
35.0,30.0,47.50,201711S_2017031006
35.0,30.0,40.81,201711S_2017031009
35.0,30.0,43.70,201711S_2017031012
35.0,30.0,45.03,201711S_2017031015
35.0,30.0,41.40,201711S_2017031018
33.0,30.0,38.11,201711S_2017031021
30.0,30.0,32.25,201711S_2017031100
30.0,30.0,26.43,201711S_2017031103
30.0,30.0,34.61,201711S_2017031106
30.0,30.0,31.71,201711S_2017031109
30.0,30.0,35.56,201711S_2017031112
30.0,30.0,36.74,201711S_2017031115
30.0,30.0,38.79,201711S_2017031118
30.0,28.0,38.94,201711S_2017031121
30.0,25.0,36.16,201711S_2017031200
30.0,25.0,32.76,201711S_2017031203
30.0,25.0,34.53,201711S_2017031206
30.0,25.0,39.48,201711S_2017031209
30.0,25.0,32.94,201711S_2017031212
30.0,25.0,31.83,201711S_2017031215
30.0,25.0,35.44,201711S_2017031218
28.0,28.0,37.10,201711S_2017031221
25.0,30.0,37.93,201711S_2017031300
25.0,33.0,40.52,201711S_2017031303
25.0,35.0,43.31,201711S_2017031306
25.0,38.0,43.47,201711S_2017031309
25.0,40.0,45.44,201711S_2017031312
25.0,43.0,45.24,201711S_2017031315
25.0,45.0,36.64,201711S_2017031318
28.0,45.0,37.13,201711S_2017031321
30.0,45.0,36.47,201711S_2017031400
33.0,45.0,37.18,201711S_2017031403
35.0,45.0,33.56,201711S_2017031406
38.0,45.0,35.00,201711S_2017031409
40.0,45.0,33.10,201711S_2017031412
43.0,43.0,33.99,201711S_2017031415
45.0,40.0,35.72,201711S_2017031418
40.0,50.0,52.57,201711W_2017072600
43.0,53.0,63.85,201711W_2017072603
45.0,55.0,70.61,201711W_2017072606
45.0,55.0,61.62,201711W_2017072609
45.0,55.0,59.04,201711W_2017072612
48.0,58.0,71.66,201711W_2017072615
50.0,60.0,57.91,201711W_2017072618
50.0,60.0,59.41,201711W_2017072621
50.0,60.0,58.91,201711W_2017072700
53.0,63.0,63.26,201711W_2017072703
55.0,65.0,64.32,201711W_2017072706
55.0,68.0,63.93,201711W_2017072709
55.0,70.0,64.00,201711W_2017072712
58.0,73.0,58.06,201711W_2017072715
60.0,75.0,64.06,201711W_2017072718
60.0,78.0,67.34,201711W_2017072721
60.0,80.0,71.81,201711W_2017072800
63.0,83.0,67.09,201711W_2017072803
65.0,85.0,71.92,201711W_2017072806
68.0,83.0,71.59,201711W_2017072809
70.0,80.0,68.01,201711W_2017072812
73.0,70.0,71.27,201711W_2017072815
75.0,60.0,68.65,201711W_2017072818
78.0,58.0,66.00,201711W_2017072821
80.0,55.0,59.01,201711W_2017072900
83.0,48.0,56.42,201711W_2017072903
85.0,40.0,55.59,201711W_2017072906
83.0,33.0,40.77,201711W_2017072909
80.0,25.0,32.60,201711W_2017072912
35.0,30.0,36.75,201712E_2017081118
35.0,30.0,46.14,201712E_2017081121
35.0,30.0,38.81,201712E_2017081200
35.0,28.0,37.69,201712E_2017081203
35.0,25.0,39.77,201712E_2017081206
35.0,25.0,38.42,201712E_2017081209
35.0,25.0,36.13,201712E_2017081212
32.0,25.0,41.80,201712E_2017081215
35.0,55.0,54.34,201712L_2017090512
38.0,60.0,60.61,201712L_2017090515
40.0,65.0,61.52,201712L_2017090518
42.0,68.0,66.39,201712L_2017090521
45.0,70.0,64.91,201712L_2017090600
48.0,75.0,70.21,201712L_2017090603
50.0,80.0,71.53,201712L_2017090606
52.0,85.0,83.86,201712L_2017090609
55.0,90.0,81.00,201712L_2017090612
60.0,95.0,86.46,201712L_2017090615
65.0,100.0,90.10,201712L_2017090618
68.0,102.0,86.30,201712L_2017090621
70.0,105.0,87.04,201712L_2017090700
75.0,110.0,91.80,201712L_2017090703
80.0,115.0,88.83,201712L_2017090706
85.0,122.0,85.57,201712L_2017090709
90.0,130.0,100.41,201712L_2017090712
95.0,132.0,100.59,201712L_2017090715
100.0,135.0,111.96,201712L_2017090718
102.0,135.0,109.35,201712L_2017090721
105.0,135.0,109.10,201712L_2017090800
110.0,132.0,108.65,201712L_2017090803
115.0,130.0,114.38,201712L_2017090806
122.0,128.0,113.90,201712L_2017090809
130.0,125.0,113.33,201712L_2017090812
132.0,122.0,126.60,201712L_2017090815
135.0,120.0,124.87,201712L_2017090818
135.0,118.0,123.88,201712L_2017090821
135.0,115.0,115.31,201712L_2017090900
132.0,115.0,125.70,201712L_2017090903
130.0,115.0,110.14,201712L_2017090906
128.0,115.0,104.96,201712L_2017090909
125.0,115.0,93.81,201712L_2017090912
122.0,110.0,113.44,201712L_2017090915
120.0,105.0,99.84,201712L_2017090918
118.0,102.0,101.62,201712L_2017090921
115.0,100.0,99.60,201712L_2017091000
115.0,95.0,90.52,201712L_2017091003
115.0,90.0,93.72,201712L_2017091006
115.0,88.0,91.00,201712L_2017091009
115.0,85.0,83.52,201712L_2017091012
110.0,82.0,81.59,201712L_2017091015
105.0,80.0,89.50,201712L_2017091018
102.0,78.0,102.77,201712L_2017091021
100.0,75.0,76.09,201712L_2017091100
95.0,72.0,78.61,201712L_2017091103
90.0,70.0,75.39,201712L_2017091106
88.0,70.0,77.23,201712L_2017091109
85.0,70.0,69.51,201712L_2017091112
82.0,70.0,98.09,201712L_2017091115
80.0,70.0,71.93,201712L_2017091118
78.0,70.0,63.76,201712L_2017091121
75.0,70.0,60.43,201712L_2017091200
72.0,70.0,80.85,201712L_2017091203
70.0,70.0,59.20,201712L_2017091206
70.0,70.0,57.69,201712L_2017091209
70.0,70.0,63.97,201712L_2017091212
70.0,70.0,70.58,201712L_2017091215
70.0,70.0,76.01,201712L_2017091218
70.0,70.0,72.29,201712L_2017091221
70.0,70.0,71.16,201712L_2017091300
70.0,70.0,66.01,201712L_2017091303
70.0,70.0,64.52,201712L_2017091306
70.0,68.0,60.52,201712L_2017091309
70.0,65.0,68.19,201712L_2017091312
70.0,65.0,65.52,201712L_2017091315
70.0,65.0,69.91,201712L_2017091318
70.0,62.0,71.32,201712L_2017091321
70.0,60.0,79.23,201712L_2017091400
70.0,60.0,75.05,201712L_2017091403
70.0,60.0,75.82,201712L_2017091406
68.0,60.0,73.69,201712L_2017091409
65.0,60.0,72.34,201712L_2017091412
65.0,62.0,66.81,201712L_2017091415
65.0,65.0,68.08,201712L_2017091418
62.0,65.0,77.14,201712L_2017091421
60.0,65.0,69.13,201712L_2017091500
60.0,65.0,68.25,201712L_2017091503
60.0,65.0,72.09,201712L_2017091506
60.0,65.0,71.36,201712L_2017091509
60.0,65.0,70.06,201712L_2017091512
62.0,65.0,85.66,201712L_2017091515
65.0,65.0,79.21,201712L_2017091518
65.0,68.0,69.17,201712L_2017091521
65.0,70.0,67.42,201712L_2017091600
65.0,72.0,61.47,201712L_2017091603
65.0,75.0,61.19,201712L_2017091606
65.0,78.0,64.13,201712L_2017091609
65.0,80.0,64.85,201712L_2017091612
65.0,80.0,64.12,201712L_2017091615
65.0,80.0,65.52,201712L_2017091618
68.0,80.0,72.70,201712L_2017091621
70.0,80.0,70.76,201712L_2017091700
72.0,78.0,88.73,201712L_2017091703
75.0,75.0,65.11,201712L_2017091706
78.0,72.0,66.85,201712L_2017091709
80.0,70.0,63.78,201712L_2017091712
80.0,68.0,64.00,201712L_2017091715
80.0,65.0,61.34,201712L_2017091718
80.0,65.0,60.66,201712L_2017091721
80.0,65.0,58.54,201712L_2017091800
78.0,65.0,59.81,201712L_2017091803
75.0,65.0,57.22,201712L_2017091806
72.0,62.0,88.49,201712L_2017091809
70.0,60.0,52.46,201712L_2017091812
68.0,60.0,53.28,201712L_2017091815
65.0,60.0,46.07,201712L_2017091818
65.0,60.0,44.67,201712L_2017091821
65.0,60.0,49.92,201712L_2017091900
65.0,60.0,50.89,201712L_2017091903
65.0,60.0,49.39,201712L_2017091906
62.0,60.0,73.52,201712L_2017091909
60.0,60.0,47.15,201712L_2017091912
60.0,60.0,46.88,201712L_2017091915
60.0,60.0,46.51,201712L_2017091918
60.0,58.0,45.81,201712L_2017091921
60.0,55.0,47.56,201712L_2017092000
60.0,55.0,48.00,201712L_2017092003
60.0,55.0,46.27,201712L_2017092006
60.0,55.0,46.14,201712L_2017092009
60.0,55.0,46.15,201712L_2017092012
60.0,52.0,43.39,201712L_2017092015
60.0,50.0,43.14,201712L_2017092018
58.0,48.0,43.23,201712L_2017092021
55.0,45.0,44.85,201712L_2017092100
55.0,45.0,42.85,201712L_2017092103
55.0,45.0,42.68,201712L_2017092106
55.0,42.0,39.62,201712L_2017092109
55.0,40.0,39.67,201712L_2017092112
52.0,40.0,57.57,201712L_2017092115
30.0,40.0,58.06,201712S_2017032206
30.0,40.0,56.16,201712S_2017032209
30.0,40.0,49.43,201712S_2017032212
30.0,40.0,40.05,201712S_2017032215
30.0,40.0,37.26,201712S_2017032218
33.0,40.0,36.81,201712S_2017032221
35.0,40.0,34.21,201712S_2017032300
38.0,40.0,36.76,201712S_2017032303
40.0,40.0,42.52,201712S_2017032306
40.0,40.0,43.22,201712S_2017032309
40.0,40.0,43.00,201712S_2017032312
40.0,43.0,42.43,201712S_2017032315
40.0,45.0,30.78,201712S_2017032318
40.0,45.0,33.41,201712S_2017032321
40.0,45.0,31.57,201712S_2017032400
40.0,45.0,37.76,201712S_2017032403
40.0,45.0,30.23,201712S_2017032406
40.0,45.0,31.51,201712S_2017032409
40.0,45.0,27.45,201712S_2017032412
43.0,45.0,29.90,201712S_2017032415
45.0,45.0,34.24,201712S_2017032418
45.0,45.0,35.87,201712S_2017032421
45.0,45.0,36.02,201712S_2017032500
45.0,43.0,33.30,201712S_2017032503
45.0,40.0,28.52,201712S_2017032506
45.0,40.0,26.69,201712S_2017032509
45.0,40.0,26.47,201712S_2017032512
45.0,38.0,29.28,201712S_2017032515
45.0,35.0,27.89,201712S_2017032518
45.0,35.0,33.86,201712S_2017032521
45.0,35.0,33.60,201712S_2017032600
43.0,35.0,37.20,201712S_2017032603
40.0,35.0,37.78,201712S_2017032606
40.0,33.0,35.27,201712S_2017032609
40.0,30.0,35.21,201712S_2017032612
38.0,30.0,37.77,201712S_2017032615
35.0,30.0,40.82,201712S_2017032618
35.0,30.0,28.48,201712S_2017032621
35.0,30.0,29.39,201712S_2017032700
35.0,30.0,29.22,201712S_2017032703
35.0,30.0,27.30,201712S_2017032706
33.0,30.0,27.60,201712S_2017032709
30.0,30.0,22.70,201712S_2017032712
30.0,30.0,21.51,201712S_2017032715
30.0,30.0,22.66,201712S_2017032718
30.0,28.0,25.94,201712S_2017032721
30.0,25.0,27.53,201712S_2017032800
30.0,25.0,31.19,201712S_2017032803
30.0,25.0,30.66,201712S_2017032806
30.0,25.0,27.04,201712S_2017032809
30.0,25.0,24.97,201712S_2017032812
30.0,25.0,24.50,201712S_2017032815
30.0,25.0,23.91,201712S_2017032818
28.0,25.0,25.70,201712S_2017032821
25.0,25.0,22.03,201712S_2017032900
25.0,23.0,17.38,201712S_2017032903
30.0,40.0,42.57,201712W_2017072812
33.0,40.0,47.28,201712W_2017072815
35.0,40.0,46.71,201712W_2017072818
38.0,40.0,46.37,201712W_2017072821
40.0,40.0,47.45,201712W_2017072900
40.0,40.0,44.42,201712W_2017072903
40.0,40.0,45.59,201712W_2017072906
40.0,40.0,49.61,201712W_2017072909
40.0,40.0,51.35,201712W_2017072912
40.0,38.0,40.44,201712W_2017072915
40.0,35.0,39.12,201712W_2017072918
40.0,33.0,35.12,201712W_2017072921
40.0,30.0,39.87,201712W_2017073000
40.0,25.0,30.81,201712W_2017073003
30.0,45.0,41.67,201713E_2017081812
30.0,48.0,46.34,201713E_2017081815
30.0,50.0,45.30,201713E_2017081818
32.0,52.0,46.39,201713E_2017081821
35.0,55.0,54.49,201713E_2017081900
38.0,58.0,60.80,201713E_2017081903
40.0,60.0,55.87,201713E_2017081906
42.0,62.0,68.63,201713E_2017081909
45.0,65.0,66.31,201713E_2017081912
48.0,72.0,58.44,201713E_2017081915
50.0,80.0,69.60,201713E_2017081918
52.0,88.0,71.40,201713E_2017081921
55.0,95.0,68.58,201713E_2017082000
58.0,105.0,72.50,201713E_2017082003
60.0,115.0,78.68,201713E_2017082006
62.0,115.0,83.61,201713E_2017082009
65.0,115.0,78.02,201713E_2017082012
72.0,110.0,82.83,201713E_2017082015
80.0,105.0,84.73,201713E_2017082018
88.0,100.0,95.92,201713E_2017082021
95.0,95.0,102.11,201713E_2017082100
105.0,90.0,104.95,201713E_2017082103
115.0,85.0,103.12,201713E_2017082106
115.0,80.0,101.27,201713E_2017082109
115.0,75.0,94.62,201713E_2017082112
110.0,70.0,92.82,201713E_2017082115
105.0,65.0,81.78,201713E_2017082118
100.0,62.0,74.51,201713E_2017082121
95.0,60.0,73.68,201713E_2017082200
90.0,55.0,65.13,201713E_2017082203
85.0,50.0,56.96,201713E_2017082206
80.0,45.0,53.00,201713E_2017082209
30.0,65.0,35.12,201713L_2017090518
30.0,68.0,40.10,201713L_2017090521
30.0,70.0,40.55,201713L_2017090600
32.0,70.0,61.91,201713L_2017090603
35.0,70.0,49.72,201713L_2017090606
40.0,70.0,52.61,201713L_2017090609
45.0,70.0,55.45,201713L_2017090612
55.0,70.0,56.43,201713L_2017090615
65.0,70.0,73.05,201713L_2017090618
68.0,72.0,62.41,201713L_2017090621
70.0,75.0,79.14,201713L_2017090700
70.0,78.0,77.60,201713L_2017090703
70.0,80.0,77.99,201713L_2017090706
70.0,82.0,59.77,201713L_2017090709
70.0,85.0,80.35,201713L_2017090712
70.0,88.0,86.22,201713L_2017090715
70.0,90.0,91.22,201713L_2017090718
72.0,80.0,87.51,201713L_2017090721
75.0,70.0,76.52,201713L_2017090800
78.0,52.0,61.69,201713L_2017090803
80.0,35.0,61.13,201713L_2017090806
82.0,32.0,63.60,201713L_2017090809
85.0,30.0,73.58,201713L_2017090812
30.0,45.0,68.16,201713S_2017032400
30.0,50.0,72.88,201713S_2017032403
30.0,55.0,69.85,201713S_2017032406
30.0,58.0,72.75,201713S_2017032409
30.0,60.0,69.43,201713S_2017032412
33.0,63.0,73.37,201713S_2017032415
35.0,65.0,77.39,201713S_2017032418
40.0,65.0,80.24,201713S_2017032421
45.0,65.0,75.42,201713S_2017032500
50.0,65.0,77.87,201713S_2017032503
55.0,65.0,85.89,201713S_2017032506
58.0,65.0,72.33,201713S_2017032509
60.0,65.0,93.19,201713S_2017032512
63.0,68.0,98.39,201713S_2017032515
65.0,70.0,92.37,201713S_2017032518
65.0,75.0,93.48,201713S_2017032521
65.0,80.0,87.08,201713S_2017032600
65.0,88.0,90.27,201713S_2017032603
65.0,95.0,96.10,201713S_2017032606
65.0,105.0,88.03,201713S_2017032609
65.0,115.0,87.21,201713S_2017032612
68.0,115.0,87.37,201713S_2017032615
70.0,115.0,90.82,201713S_2017032618
75.0,110.0,92.31,201713S_2017032621
80.0,105.0,82.11,201713S_2017032700
88.0,93.0,89.47,201713S_2017032703
95.0,80.0,85.45,201713S_2017032706
105.0,70.0,86.05,201713S_2017032709
115.0,60.0,84.19,201713S_2017032712
115.0,50.0,78.18,201713S_2017032715
115.0,40.0,63.24,201713S_2017032718
110.0,38.0,63.65,201713S_2017032721
105.0,35.0,58.93,201713S_2017032800
93.0,33.0,52.59,201713S_2017032803
80.0,30.0,43.42,201713S_2017032806
25.0,30.0,36.82,201713W_2017080106
28.0,33.0,36.84,201713W_2017080109
30.0,35.0,39.38,201713W_2017080112
30.0,35.0,45.07,201713W_2017080115
30.0,35.0,46.45,201713W_2017080118
30.0,35.0,46.09,201713W_2017080121
30.0,35.0,42.61,201713W_2017080200
30.0,38.0,42.17,201713W_2017080203
30.0,40.0,45.77,201713W_2017080206
33.0,40.0,44.87,201713W_2017080209
35.0,40.0,44.72,201713W_2017080212
35.0,43.0,42.00,201713W_2017080215
35.0,45.0,44.88,201713W_2017080218
35.0,45.0,43.69,201713W_2017080221
35.0,45.0,37.60,201713W_2017080300
38.0,45.0,48.67,201713W_2017080303
40.0,45.0,50.14,201713W_2017080306
40.0,45.0,43.50,201713W_2017080309
40.0,45.0,46.05,201713W_2017080312
43.0,45.0,47.40,201713W_2017080315
45.0,45.0,47.63,201713W_2017080318
45.0,48.0,53.10,201713W_2017080321
45.0,50.0,49.93,201713W_2017080400
45.0,53.0,50.42,201713W_2017080403
45.0,55.0,45.09,201713W_2017080406
45.0,58.0,41.44,201713W_2017080409
45.0,60.0,38.86,201713W_2017080412
45.0,60.0,36.14,201713W_2017080415
45.0,60.0,36.15,201713W_2017080418
48.0,58.0,34.32,201713W_2017080421
50.0,55.0,37.67,201713W_2017080500
53.0,50.0,38.52,201713W_2017080503
55.0,45.0,41.17,201713W_2017080506
58.0,40.0,44.68,201713W_2017080509
60.0,35.0,45.43,201713W_2017080512
35.0,55.0,58.67,201714E_2017083100
38.0,55.0,53.06,201714E_2017083103
40.0,55.0,54.03,201714E_2017083106
42.0,52.0,62.27,201714E_2017083109
45.0,50.0,49.47,201714E_2017083112
50.0,50.0,43.33,201714E_2017083115
55.0,50.0,42.52,201714E_2017083118
55.0,48.0,43.98,201714E_2017083121
55.0,45.0,49.42,201714E_2017090100
55.0,42.0,37.40,201714E_2017090103
55.0,40.0,37.40,201714E_2017090106
52.0,38.0,46.34,201714E_2017090109
50.0,35.0,24.61,201714E_2017090112
50.0,35.0,33.34,201714E_2017090115
50.0,35.0,31.74,201714E_2017090118
48.0,32.0,31.49,201714E_2017090121
45.0,30.0,29.44,201714E_2017090200
42.0,30.0,41.03,201714E_2017090203
30.0,30.0,47.54,201714L_2017091500
30.0,30.0,52.20,201714L_2017091503
30.0,30.0,42.47,201714L_2017091506
30.0,32.0,39.91,201714L_2017091509
30.0,35.0,35.84,201714L_2017091512
30.0,35.0,37.72,201714L_2017091515
30.0,35.0,40.98,201714L_2017091518
30.0,35.0,43.91,201714L_2017091521
30.0,35.0,51.12,201714L_2017091600
30.0,35.0,52.51,201714L_2017091603
30.0,35.0,51.65,201714L_2017091606
32.0,32.0,54.07,201714L_2017091609
35.0,30.0,48.85,201714L_2017091612
35.0,30.0,46.97,201714L_2017091615
35.0,30.0,48.01,201714L_2017091618
35.0,30.0,45.15,201714L_2017091621
35.0,30.0,43.56,201714L_2017091700
35.0,30.0,41.02,201714L_2017091703
35.0,30.0,37.03,201714L_2017091706
32.0,30.0,43.45,201714L_2017091709
30.0,30.0,27.16,201714L_2017091712
30.0,30.0,30.88,201714L_2017091715
30.0,30.0,28.92,201714L_2017091718
30.0,28.0,28.99,201714L_2017091721
30.0,25.0,31.13,201714L_2017091800
30.0,25.0,32.24,201714L_2017091803
30.0,25.0,34.27,201714L_2017091806
30.0,28.0,33.71,201714L_2017091809
30.0,30.0,35.21,201714L_2017091812
30.0,32.0,35.50,201714L_2017091815
30.0,35.0,35.69,201714L_2017091818
28.0,38.0,31.86,201714L_2017091821
25.0,40.0,32.90,201714L_2017091900
25.0,38.0,33.70,201714L_2017091903
25.0,35.0,31.74,201714L_2017091906
28.0,32.0,23.57,201714L_2017091909
30.0,25.0,28.34,201714L_2017091912
32.0,28.0,49.83,201714L_2017091915
35.0,30.0,28.68,201714L_2017091918
38.0,32.0,21.92,201714L_2017091921
40.0,35.0,33.63,201714L_2017092000
38.0,35.0,34.41,201714L_2017092003
35.0,35.0,31.83,201714L_2017092006
32.0,38.0,47.59,201714L_2017092009
25.0,40.0,37.67,201714L_2017092212
28.0,42.0,23.73,201714L_2017092215
30.0,45.0,38.53,201714L_2017092218
32.0,48.0,41.75,201714L_2017092221
35.0,50.0,37.78,201714L_2017092300
35.0,58.0,38.06,201714L_2017092303
35.0,65.0,38.14,201714L_2017092306
38.0,70.0,37.39,201714L_2017092309
40.0,75.0,36.33,201714L_2017092312
42.0,78.0,44.40,201714L_2017092315
45.0,80.0,41.98,201714L_2017092318
48.0,82.0,47.42,201714L_2017092321
50.0,85.0,54.58,201714L_2017092400
58.0,82.0,51.56,201714L_2017092403
65.0,80.0,70.21,201714L_2017092406
70.0,80.0,85.12,201714L_2017092409
75.0,80.0,81.33,201714L_2017092412
78.0,78.0,80.85,201714L_2017092415
80.0,75.0,82.99,201714L_2017092418
82.0,78.0,84.53,201714L_2017092421
85.0,80.0,77.74,201714L_2017092500
82.0,82.0,82.36,201714L_2017092503
80.0,85.0,74.76,201714L_2017092506
80.0,88.0,77.97,201714L_2017092509
80.0,90.0,65.71,201714L_2017092512
78.0,92.0,74.58,201714L_2017092515
75.0,95.0,79.26,201714L_2017092518
78.0,95.0,83.26,201714L_2017092521
80.0,95.0,84.33,201714L_2017092600
82.0,95.0,84.46,201714L_2017092603
85.0,95.0,92.40,201714L_2017092606
88.0,98.0,90.10,201714L_2017092609
90.0,100.0,90.56,201714L_2017092612
92.0,100.0,94.40,201714L_2017092615
95.0,100.0,93.50,201714L_2017092618
95.0,98.0,99.40,201714L_2017092621
95.0,95.0,101.47,201714L_2017092700
95.0,92.0,101.93,201714L_2017092703
95.0,90.0,80.04,201714L_2017092706
98.0,88.0,70.63,201714L_2017092709
100.0,85.0,79.68,201714L_2017092712
100.0,82.0,92.30,201714L_2017092715
100.0,80.0,86.48,201714L_2017092718
98.0,78.0,76.84,201714L_2017092721
95.0,75.0,68.58,201714L_2017092800
92.0,72.0,108.88,201714L_2017092803
90.0,70.0,67.65,201714L_2017092806
88.0,68.0,68.52,201714L_2017092809
85.0,65.0,65.58,201714L_2017092812
82.0,60.0,83.10,201714L_2017092815
80.0,55.0,60.74,201714L_2017092818
78.0,52.0,70.03,201714L_2017092821
75.0,50.0,63.65,201714L_2017092900
72.0,48.0,87.58,201714L_2017092903
30.0,35.0,33.66,201714S_2017040412
33.0,35.0,30.87,201714S_2017040415
35.0,35.0,28.76,201714S_2017040418
35.0,35.0,31.26,201714S_2017040421
35.0,35.0,30.04,201714S_2017040500
35.0,35.0,31.78,201714S_2017040503
35.0,35.0,33.31,201714S_2017040506
35.0,35.0,30.93,201714S_2017040509
35.0,35.0,33.26,201714S_2017040512
35.0,35.0,32.64,201714S_2017040515
35.0,35.0,31.65,201714S_2017040518
35.0,33.0,31.06,201714S_2017040521
35.0,30.0,32.00,201714S_2017040600
35.0,30.0,32.77,201714S_2017040603
35.0,30.0,32.06,201714S_2017040606
35.0,28.0,34.06,201714S_2017040609
35.0,25.0,34.01,201714S_2017040612
35.0,25.0,32.83,201714S_2017040615
35.0,25.0,31.17,201714S_2017040618
33.0,25.0,31.66,201714S_2017040621
30.0,25.0,33.17,201714S_2017040700
30.0,25.0,33.47,201714S_2017040703
30.0,25.0,33.57,201714S_2017040706
28.0,25.0,32.83,201714S_2017040709
25.0,25.0,30.54,201714S_2017040712
25.0,25.0,29.83,201714S_2017040715
25.0,25.0,32.96,201714S_2017040718
25.0,25.0,32.69,201714S_2017040721
25.0,25.0,31.83,201714S_2017040800
25.0,25.0,31.61,201714S_2017040803
25.0,25.0,31.33,201714S_2017040806
25.0,28.0,29.82,201714S_2017040809
25.0,30.0,30.00,201714S_2017040812
25.0,30.0,28.61,201714S_2017040815
25.0,30.0,29.52,201714S_2017040818
25.0,30.0,28.49,201714S_2017040821
25.0,30.0,30.63,201714S_2017040900
25.0,30.0,31.31,201714S_2017040903
25.0,30.0,32.56,201714S_2017040906
28.0,30.0,33.15,201714S_2017040909
30.0,30.0,31.53,201714S_2017040912
30.0,30.0,32.68,201714S_2017040915
30.0,30.0,31.98,201714S_2017040918
30.0,30.0,33.00,201714S_2017040921
30.0,30.0,32.55,201714S_2017041000
30.0,33.0,31.66,201714S_2017041003
30.0,35.0,32.60,201714S_2017041006
30.0,35.0,31.44,201714S_2017041009
30.0,35.0,29.04,201714S_2017041012
30.0,38.0,31.04,201714S_2017041015
30.0,40.0,30.94,201714S_2017041018
30.0,50.0,51.81,201714W_2017081100
33.0,55.0,54.86,201714W_2017081103
35.0,60.0,56.45,201714W_2017081106
38.0,68.0,56.21,201714W_2017081109
40.0,75.0,53.76,201714W_2017081112
43.0,85.0,59.72,201714W_2017081115
45.0,95.0,57.27,201714W_2017081118
48.0,98.0,63.83,201714W_2017081121
50.0,100.0,65.43,201714W_2017081200
55.0,98.0,73.84,201714W_2017081203
60.0,95.0,73.72,201714W_2017081206
68.0,93.0,75.10,201714W_2017081209
75.0,90.0,81.25,201714W_2017081212
85.0,88.0,90.46,201714W_2017081215
95.0,85.0,94.91,201714W_2017081218
98.0,85.0,92.32,201714W_2017081221
100.0,85.0,93.81,201714W_2017081300
98.0,85.0,97.28,201714W_2017081303
95.0,85.0,95.41,201714W_2017081306
93.0,83.0,86.37,201714W_2017081309
90.0,80.0,78.76,201714W_2017081312
88.0,83.0,82.02,201714W_2017081315
85.0,85.0,84.58,201714W_2017081318
85.0,85.0,85.43,201714W_2017081321
85.0,85.0,87.94,201714W_2017081400
85.0,83.0,85.81,201714W_2017081403
85.0,80.0,86.20,201714W_2017081406
83.0,78.0,87.71,201714W_2017081409
80.0,75.0,74.92,201714W_2017081412
83.0,73.0,80.18,201714W_2017081415
85.0,70.0,80.03,201714W_2017081418
85.0,68.0,77.75,201714W_2017081421
85.0,65.0,83.61,201714W_2017081500
83.0,68.0,82.43,201714W_2017081503
80.0,70.0,75.84,201714W_2017081506
78.0,73.0,73.23,201714W_2017081509
75.0,75.0,67.47,201714W_2017081512
73.0,70.0,61.71,201714W_2017081515
70.0,65.0,55.35,201714W_2017081518
68.0,63.0,51.42,201714W_2017081521
65.0,60.0,52.25,201714W_2017081600
68.0,58.0,60.27,201714W_2017081603
25.0,30.0,38.14,201715E_2017091112
25.0,30.0,40.14,201715E_2017091115
25.0,30.0,36.54,201715E_2017091118
25.0,32.0,31.34,201715E_2017091121
25.0,35.0,38.06,201715E_2017091200
25.0,35.0,42.17,201715E_2017091203
25.0,35.0,42.53,201715E_2017091206
28.0,32.0,41.72,201715E_2017091209
30.0,30.0,41.68,201715E_2017091212
30.0,30.0,42.08,201715E_2017091215
30.0,30.0,39.19,201715E_2017091218
32.0,30.0,47.36,201715E_2017091221
35.0,30.0,38.32,201715E_2017091300
35.0,30.0,36.46,201715E_2017091303
35.0,30.0,40.55,201715E_2017091306
32.0,30.0,52.01,201715E_2017091309
30.0,30.0,41.79,201715E_2017091312
30.0,30.0,46.32,201715E_2017091315
30.0,30.0,44.64,201715E_2017091318
30.0,30.0,47.19,201715E_2017091321
30.0,30.0,46.48,201715E_2017091400
30.0,30.0,39.25,201715E_2017091403
30.0,30.0,40.01,201715E_2017091406
30.0,30.0,42.45,201715E_2017091409
30.0,30.0,40.96,201715E_2017091412
30.0,30.0,34.48,201715E_2017091415
30.0,30.0,30.61,201715E_2017091418
30.0,28.0,29.96,201715E_2017091421
30.0,25.0,34.10,201715E_2017091500
30.0,25.0,31.94,201715E_2017091503
30.0,25.0,37.81,201715E_2017091506
30.0,28.0,38.64,201715E_2017091509
30.0,30.0,38.17,201715E_2017091512
30.0,32.0,33.77,201715E_2017091515
30.0,35.0,38.00,201715E_2017091518
28.0,38.0,34.25,201715E_2017091521
25.0,40.0,37.80,201715E_2017091600
25.0,45.0,39.40,201715E_2017091603
25.0,50.0,41.31,201715E_2017091606
28.0,58.0,41.87,201715E_2017091609
30.0,65.0,48.47,201715E_2017091612
32.0,72.0,39.85,201715E_2017091615
35.0,80.0,46.82,201715E_2017091618
38.0,90.0,46.31,201715E_2017091621
40.0,100.0,55.18,201715E_2017091700
45.0,95.0,51.56,201715E_2017091703
50.0,90.0,62.16,201715E_2017091706
58.0,78.0,76.92,201715E_2017091709
65.0,65.0,83.23,201715E_2017091712
72.0,55.0,75.70,201715E_2017091715
80.0,45.0,77.22,201715E_2017091718
90.0,42.0,83.49,201715E_2017091721
100.0,40.0,85.64,201715E_2017091800
95.0,38.0,87.32,201715E_2017091803
90.0,35.0,85.85,201715E_2017091806
78.0,32.0,66.39,201715E_2017091809
40.0,65.0,78.16,201715L_2017091618
42.0,70.0,76.22,201715L_2017091621
45.0,75.0,83.46,201715L_2017091700
50.0,78.0,73.44,201715L_2017091703
55.0,80.0,77.24,201715L_2017091706
58.0,90.0,78.98,201715L_2017091709
60.0,100.0,73.65,201715L_2017091712
62.0,105.0,94.80,201715L_2017091715
65.0,110.0,63.27,201715L_2017091718
70.0,128.0,87.40,201715L_2017091721
75.0,145.0,91.03,201715L_2017091800
78.0,140.0,101.70,201715L_2017091803
80.0,135.0,102.20,201715L_2017091806
90.0,138.0,105.46,201715L_2017091809
100.0,140.0,110.71,201715L_2017091812
105.0,142.0,104.38,201715L_2017091815
110.0,145.0,124.74,201715L_2017091818
128.0,148.0,128.70,201715L_2017091821
145.0,150.0,138.02,201715L_2017091900
140.0,145.0,132.80,201715L_2017091903
135.0,140.0,127.77,201715L_2017091906
138.0,128.0,129.06,201715L_2017091909
140.0,115.0,117.92,201715L_2017091912
142.0,105.0,119.21,201715L_2017091915
145.0,95.0,117.62,201715L_2017091918
148.0,95.0,112.31,201715L_2017091921
150.0,95.0,114.95,201715L_2017092000
145.0,98.0,106.22,201715L_2017092003
140.0,100.0,95.99,201715L_2017092006
128.0,100.0,84.82,201715L_2017092009
115.0,100.0,78.00,201715L_2017092012
105.0,102.0,69.49,201715L_2017092015
95.0,105.0,77.55,201715L_2017092018
95.0,108.0,74.41,201715L_2017092021
95.0,110.0,79.69,201715L_2017092100
98.0,110.0,80.48,201715L_2017092103
100.0,110.0,81.54,201715L_2017092106
100.0,110.0,82.73,201715L_2017092109
100.0,110.0,82.85,201715L_2017092112
102.0,110.0,80.25,201715L_2017092115
105.0,110.0,85.49,201715L_2017092118
108.0,108.0,86.93,201715L_2017092121
110.0,105.0,86.63,201715L_2017092200
110.0,102.0,76.71,201715L_2017092203
110.0,100.0,82.21,201715L_2017092206
110.0,100.0,87.10,201715L_2017092209
110.0,100.0,82.99,201715L_2017092212
110.0,100.0,88.33,201715L_2017092215
110.0,100.0,89.28,201715L_2017092218
108.0,100.0,94.24,201715L_2017092221
105.0,100.0,90.75,201715L_2017092300
102.0,98.0,104.21,201715L_2017092303
100.0,95.0,92.95,201715L_2017092306
100.0,95.0,90.96,201715L_2017092309
100.0,95.0,94.77,201715L_2017092312
100.0,92.0,85.44,201715L_2017092315
100.0,90.0,95.64,201715L_2017092318
100.0,88.0,93.74,201715L_2017092321
100.0,85.0,91.78,201715L_2017092400
98.0,80.0,94.27,201715L_2017092403
95.0,75.0,91.35,201715L_2017092406
95.0,72.0,92.63,201715L_2017092409
95.0,70.0,92.96,201715L_2017092412
92.0,70.0,88.87,201715L_2017092415
90.0,70.0,90.26,201715L_2017092418
88.0,70.0,86.75,201715L_2017092421
85.0,70.0,90.98,201715L_2017092500
80.0,68.0,81.36,201715L_2017092503
75.0,65.0,70.84,201715L_2017092506
72.0,65.0,80.10,201715L_2017092509
70.0,65.0,72.54,201715L_2017092512
70.0,65.0,74.01,201715L_2017092515
70.0,65.0,69.81,201715L_2017092518
70.0,65.0,62.44,201715L_2017092521
70.0,65.0,59.36,201715L_2017092600
68.0,65.0,61.44,201715L_2017092603
65.0,65.0,59.26,201715L_2017092606
65.0,65.0,55.77,201715L_2017092609
65.0,65.0,53.83,201715L_2017092612
65.0,65.0,52.41,201715L_2017092615
65.0,65.0,51.68,201715L_2017092618
65.0,65.0,46.44,201715L_2017092621
65.0,65.0,47.41,201715L_2017092700
65.0,62.0,51.06,201715L_2017092703
65.0,60.0,52.28,201715L_2017092706
65.0,60.0,52.93,201715L_2017092709
65.0,60.0,55.48,201715L_2017092712
65.0,58.0,53.64,201715L_2017092715
65.0,55.0,56.71,201715L_2017092718
65.0,55.0,54.37,201715L_2017092721
65.0,55.0,49.27,201715L_2017092800
62.0,52.0,77.65,201715L_2017092803
60.0,50.0,51.31,201715L_2017092806
60.0,50.0,59.22,201715L_2017092809
60.0,50.0,61.89,201715L_2017092812
58.0,50.0,63.35,201715L_2017092815
55.0,50.0,65.15,201715L_2017092818
55.0,50.0,67.30,201715L_2017092821
55.0,50.0,63.25,201715L_2017092900
52.0,50.0,71.55,201715L_2017092903
50.0,50.0,56.45,201715L_2017092906
50.0,50.0,48.77,201715L_2017092909
50.0,50.0,56.90,201715L_2017092912
50.0,48.0,59.38,201715L_2017092915
25.0,55.0,31.11,201715S_2017040518
30.0,68.0,34.50,201715S_2017040521
35.0,80.0,42.16,201715S_2017040600
38.0,98.0,47.58,201715S_2017040603
40.0,115.0,45.67,201715S_2017040606
43.0,128.0,46.11,201715S_2017040609
45.0,140.0,63.86,201715S_2017040612
50.0,140.0,64.04,201715S_2017040615
55.0,140.0,64.08,201715S_2017040618
68.0,130.0,69.37,201715S_2017040621
80.0,120.0,77.38,201715S_2017040700
98.0,110.0,86.34,201715S_2017040703
115.0,100.0,92.73,201715S_2017040706
128.0,95.0,99.13,201715S_2017040709
140.0,90.0,105.36,201715S_2017040712
140.0,90.0,101.50,201715S_2017040715
140.0,90.0,101.49,201715S_2017040718
130.0,90.0,95.69,201715S_2017040721
120.0,90.0,91.39,201715S_2017040800
110.0,88.0,79.88,201715S_2017040803
100.0,85.0,74.96,201715S_2017040806
95.0,78.0,70.77,201715S_2017040809
90.0,70.0,61.98,201715S_2017040812
90.0,63.0,66.38,201715S_2017040815
90.0,55.0,67.59,201715S_2017040818
90.0,50.0,69.70,201715S_2017040821
90.0,45.0,69.04,201715S_2017040900
88.0,43.0,63.76,201715S_2017040903
85.0,40.0,60.55,201715S_2017040906
78.0,38.0,57.18,201715S_2017040909
70.0,35.0,54.03,201715S_2017040912
63.0,33.0,40.10,201715S_2017040915
55.0,30.0,33.80,201715S_2017040918
50.0,30.0,32.34,201715S_2017040921
45.0,30.0,29.18,201715S_2017041000
43.0,30.0,31.63,201715S_2017041003
40.0,30.0,29.06,201715S_2017041006
38.0,28.0,31.58,201715S_2017041009
35.0,25.0,27.29,201715S_2017041012
33.0,23.0,25.20,201715S_2017041015
35.0,60.0,36.62,201715W_2017082106
40.0,68.0,38.61,201715W_2017082109
45.0,75.0,46.06,201715W_2017082112
45.0,78.0,50.79,201715W_2017082115
45.0,80.0,53.80,201715W_2017082118
48.0,85.0,51.29,201715W_2017082121
50.0,90.0,51.86,201715W_2017082200
55.0,88.0,61.25,201715W_2017082203
60.0,85.0,63.48,201715W_2017082206
68.0,73.0,64.33,201715W_2017082209
75.0,60.0,59.03,201715W_2017082212
78.0,53.0,51.18,201715W_2017082215
80.0,45.0,51.94,201715W_2017082218
85.0,40.0,54.45,201715W_2017082221
90.0,35.0,49.35,201715W_2017082300
88.0,33.0,40.99,201715W_2017082303
85.0,30.0,31.62,201715W_2017082306
73.0,25.0,17.69,201715W_2017082309
35.0,80.0,46.72,201716E_2017091318
40.0,70.0,48.98,201716E_2017091321
45.0,60.0,48.70,201716E_2017091400
52.0,42.0,65.01,201716E_2017091403
60.0,25.0,50.00,201716E_2017091406
30.0,35.0,51.64,201716L_2017100418
30.0,35.0,51.66,201716L_2017100421
30.0,35.0,48.20,201716L_2017100500
32.0,38.0,56.41,201716L_2017100503
35.0,40.0,43.12,201716L_2017100506
35.0,40.0,50.96,201716L_2017100509
35.0,40.0,51.08,201716L_2017100512
35.0,42.0,43.65,201716L_2017100515
35.0,45.0,39.70,201716L_2017100518
35.0,50.0,43.73,201716L_2017100521
35.0,55.0,42.93,201716L_2017100600
38.0,62.0,44.86,201716L_2017100603
40.0,70.0,51.63,201716L_2017100606
40.0,75.0,54.06,201716L_2017100609
40.0,80.0,53.23,201716L_2017100612
42.0,80.0,63.45,201716L_2017100615
45.0,80.0,62.43,201716L_2017100618
50.0,78.0,60.43,201716L_2017100621
55.0,75.0,56.92,201716L_2017100700
62.0,68.0,56.54,201716L_2017100703
70.0,60.0,62.13,201716L_2017100706
75.0,48.0,60.19,201716L_2017100709
80.0,35.0,68.50,201716L_2017100712
80.0,30.0,50.99,201716L_2017100715
80.0,25.0,35.61,201716L_2017100718
78.0,22.0,19.08,201716L_2017100721
25.0,40.0,66.69,201716S_2017040706
25.0,45.0,65.23,201716S_2017040709
25.0,50.0,66.01,201716S_2017040712
28.0,53.0,68.01,201716S_2017040715
30.0,55.0,65.66,201716S_2017040718
33.0,58.0,64.08,201716S_2017040721
35.0,60.0,56.57,201716S_2017040800
38.0,63.0,58.11,201716S_2017040803
40.0,65.0,57.11,201716S_2017040806
45.0,68.0,57.73,201716S_2017040809
50.0,70.0,68.48,201716S_2017040812
53.0,75.0,70.71,201716S_2017040815
55.0,80.0,69.68,201716S_2017040818
58.0,85.0,77.07,201716S_2017040821
60.0,90.0,73.13,201716S_2017040900
63.0,88.0,73.47,201716S_2017040903
65.0,85.0,47.85,201716S_2017040906
68.0,80.0,82.28,201716S_2017040909
70.0,75.0,76.90,201716S_2017040912
75.0,70.0,78.47,201716S_2017040915
80.0,65.0,78.43,201716S_2017040918
85.0,60.0,83.08,201716S_2017040921
90.0,55.0,82.12,201716S_2017041000
88.0,53.0,77.80,201716S_2017041003
85.0,50.0,57.64,201716S_2017041006
80.0,48.0,70.62,201716S_2017041009
35.0,35.0,42.41,201716W_2017082418
35.0,35.0,47.12,201716W_2017082421
35.0,35.0,44.81,201716W_2017082500
38.0,38.0,49.57,201716W_2017082503
40.0,40.0,48.16,201716W_2017082506
43.0,43.0,51.70,201716W_2017082509
45.0,45.0,51.51,201716W_2017082512
40.0,48.0,48.06,201716W_2017082515
35.0,50.0,38.50,201716W_2017082518
35.0,55.0,37.12,201716W_2017082521
35.0,60.0,42.57,201716W_2017082600
38.0,50.0,49.62,201716W_2017082603
40.0,40.0,49.65,201716W_2017082606
43.0,33.0,49.95,201716W_2017082609
45.0,25.0,41.65,201716W_2017082612
35.0,55.0,72.44,201717E_2017091412
38.0,58.0,73.86,201717E_2017091415
40.0,60.0,74.44,201717E_2017091418
42.0,62.0,74.44,201717E_2017091421
45.0,65.0,70.85,201717E_2017091500
48.0,65.0,71.07,201717E_2017091503
50.0,65.0,76.46,201717E_2017091506
52.0,62.0,76.03,201717E_2017091509
55.0,60.0,83.53,201717E_2017091512
58.0,58.0,88.94,201717E_2017091515
60.0,55.0,87.36,201717E_2017091518
62.0,52.0,82.21,201717E_2017091521
65.0,50.0,80.83,201717E_2017091600
65.0,48.0,80.97,201717E_2017091603
65.0,45.0,77.35,201717E_2017091606
62.0,45.0,84.20,201717E_2017091609
60.0,45.0,75.00,201717E_2017091612
58.0,45.0,73.12,201717E_2017091615
55.0,45.0,63.58,201717E_2017091618
52.0,45.0,60.85,201717E_2017091621
50.0,45.0,52.82,201717E_2017091700
48.0,45.0,49.51,201717E_2017091703
45.0,45.0,49.56,201717E_2017091706
45.0,45.0,52.66,201717E_2017091709
45.0,45.0,55.55,201717E_2017091712
45.0,42.0,39.27,201717E_2017091715
45.0,40.0,45.43,201717E_2017091718
45.0,38.0,49.58,201717E_2017091721
45.0,35.0,42.46,201717E_2017091800
45.0,32.0,41.32,201717E_2017091803
45.0,30.0,50.25,201717E_2017091806
45.0,30.0,40.01,201717E_2017091809
45.0,30.0,45.91,201717E_2017091812
42.0,30.0,40.21,201717E_2017091815
40.0,30.0,48.46,201717E_2017091818
38.0,30.0,40.31,201717E_2017091821
35.0,45.0,33.88,201717L_2017100912
38.0,45.0,34.84,201717L_2017100915
40.0,45.0,40.51,201717L_2017100918
40.0,48.0,42.72,201717L_2017100921
40.0,50.0,37.65,201717L_2017101000
42.0,52.0,54.51,201717L_2017101003
45.0,55.0,45.43,201717L_2017101006
45.0,58.0,47.85,201717L_2017101009
45.0,60.0,48.26,201717L_2017101012
45.0,62.0,40.09,201717L_2017101015
45.0,65.0,48.83,201717L_2017101018
48.0,68.0,50.06,201717L_2017101021
50.0,70.0,48.38,201717L_2017101100
52.0,72.0,58.29,201717L_2017101103
55.0,75.0,46.66,201717L_2017101106
58.0,78.0,55.08,201717L_2017101109
60.0,80.0,61.38,201717L_2017101112
62.0,82.0,82.98,201717L_2017101115
65.0,85.0,69.55,201717L_2017101118
68.0,88.0,58.77,201717L_2017101121
70.0,90.0,62.02,201717L_2017101200
72.0,90.0,76.38,201717L_2017101203
75.0,90.0,70.55,201717L_2017101206
78.0,85.0,79.32,201717L_2017101209
80.0,80.0,80.45,201717L_2017101212
82.0,80.0,88.99,201717L_2017101215
85.0,80.0,84.57,201717L_2017101218
88.0,82.0,78.26,201717L_2017101221
90.0,85.0,79.02,201717L_2017101300
90.0,90.0,71.91,201717L_2017101303
90.0,95.0,75.59,201717L_2017101306
85.0,98.0,79.00,201717L_2017101309
80.0,100.0,81.15,201717L_2017101312
80.0,100.0,66.69,201717L_2017101315
80.0,100.0,59.02,201717L_2017101318
82.0,98.0,76.85,201717L_2017101321
85.0,95.0,75.23,201717L_2017101400
90.0,92.0,83.77,201717L_2017101403
95.0,90.0,79.93,201717L_2017101406
98.0,88.0,85.79,201717L_2017101409
100.0,85.0,81.98,201717L_2017101412
100.0,82.0,82.67,201717L_2017101415
100.0,80.0,74.18,201717L_2017101418
98.0,78.0,82.01,201717L_2017101421
30.0,55.0,35.07,201717S_2017042618
33.0,58.0,35.92,201717S_2017042621
35.0,60.0,36.03,201717S_2017042700
38.0,63.0,36.34,201717S_2017042703
40.0,65.0,43.68,201717S_2017042706
45.0,70.0,44.78,201717S_2017042709
50.0,75.0,42.05,201717S_2017042712
53.0,78.0,51.48,201717S_2017042715
55.0,80.0,57.29,201717S_2017042718
58.0,75.0,51.64,201717S_2017042721
60.0,70.0,65.46,201717S_2017042800
63.0,65.0,67.46,201717S_2017042803
65.0,60.0,68.38,201717S_2017042806
70.0,55.0,64.69,201717S_2017042809
75.0,50.0,66.73,201717S_2017042812
78.0,48.0,62.11,201717S_2017042815
80.0,45.0,57.75,201717S_2017042818
75.0,40.0,56.91,201717S_2017042821
70.0,35.0,54.05,201717S_2017042900
65.0,33.0,50.23,201717S_2017042903
60.0,30.0,48.30,201717S_2017042906
55.0,28.0,47.76,201717S_2017042909
50.0,25.0,37.70,201717S_2017042912
48.0,23.0,28.98,201717S_2017042915
40.0,55.0,57.59,201717W_2017082900
43.0,55.0,59.82,201717W_2017082903
45.0,55.0,63.24,201717W_2017082906
48.0,55.0,58.71,201717W_2017082909
50.0,55.0,57.91,201717W_2017082912
50.0,58.0,58.83,201717W_2017082915
50.0,60.0,62.65,201717W_2017082918
53.0,60.0,51.72,201717W_2017082921
55.0,60.0,54.48,201717W_2017083000
55.0,65.0,57.55,201717W_2017083003
55.0,70.0,67.31,201717W_2017083006
55.0,73.0,75.27,201717W_2017083009
55.0,75.0,63.47,201717W_2017083012
58.0,78.0,78.28,201717W_2017083015
60.0,80.0,83.44,201717W_2017083018
60.0,85.0,84.31,201717W_2017083021
60.0,90.0,91.24,201717W_2017083100
65.0,88.0,92.96,201717W_2017083103
70.0,85.0,95.75,201717W_2017083106
73.0,80.0,92.65,201717W_2017083109
75.0,75.0,95.46,201717W_2017083112
78.0,73.0,102.13,201717W_2017083115
80.0,70.0,100.81,201717W_2017083118
85.0,68.0,100.99,201717W_2017083121
90.0,65.0,105.42,201717W_2017090100
88.0,63.0,96.54,201717W_2017090103
85.0,60.0,92.36,201717W_2017090106
80.0,58.0,80.96,201717W_2017090109
75.0,55.0,78.17,201717W_2017090112
73.0,55.0,74.02,201717W_2017090115
35.0,45.0,42.79,201718E_2017092318
35.0,42.0,34.52,201718E_2017092321
35.0,40.0,43.44,201718E_2017092400
38.0,38.0,41.26,201718E_2017092403
40.0,35.0,44.20,201718E_2017092406
42.0,30.0,53.89,201718E_2017092409
35.0,60.0,73.92,201718S_2017050218
43.0,65.0,80.57,201718S_2017050221
50.0,70.0,80.40,201718S_2017050300
53.0,75.0,85.08,201718S_2017050303
55.0,80.0,83.60,201718S_2017050306
55.0,80.0,93.78,201718S_2017050309
55.0,80.0,99.85,201718S_2017050312
58.0,83.0,101.59,201718S_2017050315
60.0,85.0,107.19,201718S_2017050318
65.0,83.0,104.30,201718S_2017050321
70.0,80.0,111.77,201718S_2017050400
75.0,80.0,103.65,201718S_2017050403
80.0,80.0,103.96,201718S_2017050406
80.0,83.0,115.78,201718S_2017050409
80.0,85.0,112.41,201718S_2017050412
83.0,88.0,111.72,201718S_2017050415
85.0,90.0,112.82,201718S_2017050418
83.0,90.0,106.18,201718S_2017050421
80.0,90.0,106.83,201718S_2017050500
80.0,85.0,109.10,201718S_2017050503
80.0,80.0,102.55,201718S_2017050506
83.0,83.0,99.20,201718S_2017050509
85.0,85.0,95.01,201718S_2017050512
88.0,88.0,95.57,201718S_2017050515
90.0,90.0,101.47,201718S_2017050518
90.0,90.0,94.97,201718S_2017050521
90.0,90.0,98.71,201718S_2017050600
85.0,90.0,93.75,201718S_2017050603
80.0,90.0,94.96,201718S_2017050606
83.0,95.0,96.00,201718S_2017050609
85.0,100.0,97.97,201718S_2017050612
88.0,108.0,103.18,201718S_2017050615
90.0,115.0,95.43,201718S_2017050618
90.0,120.0,102.76,201718S_2017050621
90.0,125.0,98.59,201718S_2017050700
90.0,123.0,100.15,201718S_2017050703
90.0,120.0,101.45,201718S_2017050706
95.0,115.0,101.66,201718S_2017050709
100.0,110.0,101.17,201718S_2017050712
108.0,105.0,102.20,201718S_2017050715
115.0,100.0,109.92,201718S_2017050718
120.0,95.0,102.12,201718S_2017050721
125.0,90.0,101.69,201718S_2017050800
123.0,85.0,100.24,201718S_2017050803
120.0,80.0,92.18,201718S_2017050806
115.0,75.0,87.01,201718S_2017050809
110.0,70.0,82.48,201718S_2017050812
105.0,63.0,81.62,201718S_2017050815
100.0,55.0,76.89,201718S_2017050818
95.0,48.0,64.94,201718S_2017050821
90.0,40.0,58.42,201718S_2017050900
85.0,38.0,55.31,201718S_2017050903
80.0,35.0,50.37,201718S_2017050906
75.0,35.0,42.61,201718S_2017050909
70.0,35.0,37.09,201718S_2017050912
63.0,33.0,36.48,201718S_2017050915
55.0,30.0,35.84,201718S_2017050918
35.0,40.0,39.68,201718W_2017090118
38.0,43.0,40.47,201718W_2017090121
40.0,45.0,30.34,201718W_2017090200
40.0,43.0,38.78,201718W_2017090203
40.0,40.0,36.57,201718W_2017090206
40.0,38.0,39.49,201718W_2017090209
40.0,35.0,35.90,201718W_2017090212
40.0,30.0,31.53,201718W_2017090215
40.0,25.0,35.50,201718W_2017090218
30.0,35.0,33.60,201719L_2017110600
30.0,38.0,33.70,201719L_2017110603
30.0,40.0,33.39,201719L_2017110606
30.0,40.0,32.57,201719L_2017110609
30.0,40.0,31.48,201719L_2017110612
30.0,40.0,29.67,201719L_2017110615
30.0,40.0,30.59,201719L_2017110618
32.0,42.0,42.28,201719L_2017110621
35.0,45.0,31.53,201719L_2017110700
38.0,48.0,31.44,201719L_2017110703
40.0,50.0,31.36,201719L_2017110706
40.0,48.0,30.18,201719L_2017110709
40.0,45.0,31.72,201719L_2017110712
40.0,45.0,32.26,201719L_2017110715
40.0,45.0,34.16,201719L_2017110718
42.0,45.0,38.78,201719L_2017110721
45.0,45.0,34.07,201719L_2017110800
48.0,42.0,35.44,201719L_2017110803
30.0,40.0,38.31,201719S_2017050718
33.0,43.0,41.70,201719S_2017050721
35.0,45.0,46.93,201719S_2017050800
38.0,45.0,51.44,201719S_2017050803
40.0,45.0,61.52,201719S_2017050806
40.0,45.0,68.06,201719S_2017050809
40.0,45.0,71.13,201719S_2017050812
40.0,45.0,61.98,201719S_2017050815
40.0,45.0,62.86,201719S_2017050818
43.0,48.0,61.62,201719S_2017050821
45.0,50.0,64.37,201719S_2017050900
45.0,50.0,64.05,201719S_2017050903
45.0,50.0,64.61,201719S_2017050906
45.0,50.0,68.15,201719S_2017050909
45.0,50.0,71.71,201719S_2017050912
45.0,53.0,68.55,201719S_2017050915
45.0,55.0,62.94,201719S_2017050918
48.0,55.0,74.23,201719S_2017050921
50.0,55.0,65.49,201719S_2017051000
50.0,58.0,65.03,201719S_2017051003
50.0,60.0,80.82,201719S_2017051006
50.0,63.0,71.94,201719S_2017051009
50.0,65.0,74.86,201719S_2017051012
53.0,65.0,70.33,201719S_2017051015
55.0,65.0,70.69,201719S_2017051018
55.0,68.0,70.64,201719S_2017051021
55.0,70.0,72.64,201719S_2017051100
58.0,70.0,75.96,201719S_2017051103
60.0,70.0,77.06,201719S_2017051106
63.0,70.0,74.79,201719S_2017051109
65.0,70.0,71.76,201719S_2017051112
65.0,68.0,74.02,201719S_2017051115
65.0,65.0,73.70,201719S_2017051118
68.0,63.0,71.31,201719S_2017051121
70.0,60.0,78.23,201719S_2017051200
70.0,58.0,71.24,201719S_2017051203
70.0,55.0,71.99,201719S_2017051206
70.0,53.0,68.06,201719S_2017051209
70.0,50.0,65.76,201719S_2017051212
68.0,48.0,71.49,201719S_2017051215
65.0,45.0,60.69,201719S_2017051218
63.0,43.0,65.06,201719S_2017051221
60.0,40.0,55.48,201719S_2017051300
58.0,35.0,55.89,201719S_2017051303
55.0,30.0,53.47,201719S_2017051306
53.0,28.0,51.43,201719S_2017051309
50.0,25.0,52.61,201719S_2017051312
48.0,23.0,38.29,201719S_2017051315
25.0,25.0,24.22,201719W_2017090418
25.0,28.0,24.76,201719W_2017090421
25.0,30.0,26.81,201719W_2017090500
25.0,30.0,19.94,201719W_2017090503
25.0,30.0,19.83,201719W_2017090506
25.0,30.0,22.36,201719W_2017090509
25.0,30.0,19.16,201719W_2017090512
25.0,28.0,18.89,201719W_2017090515
25.0,25.0,18.34,201719W_2017090518
28.0,25.0,19.71,201719W_2017090521
30.0,25.0,19.81,201719W_2017090600
30.0,25.0,27.26,201719W_2017090603
30.0,25.0,27.71,201719W_2017090606
30.0,23.0,16.88,201719W_2017090609
35.0,35.0,61.50,201720E_2017102706
35.0,32.0,51.68,201720E_2017102709
35.0,30.0,59.51,201720E_2017102712
30.0,45.0,44.91,201720W_2017090912
33.0,48.0,47.14,201720W_2017090915
35.0,50.0,49.89,201720W_2017090918
38.0,53.0,48.66,201720W_2017090921
40.0,55.0,56.08,201720W_2017091000
40.0,58.0,59.41,201720W_2017091003
40.0,60.0,57.79,201720W_2017091006
43.0,60.0,53.68,201720W_2017091009
45.0,60.0,52.63,201720W_2017091012
48.0,60.0,65.51,201720W_2017091015
50.0,60.0,67.29,201720W_2017091018
53.0,63.0,71.68,201720W_2017091021
55.0,65.0,71.96,201720W_2017091100
58.0,68.0,74.15,201720W_2017091103
60.0,70.0,70.66,201720W_2017091106
60.0,70.0,80.17,201720W_2017091109
60.0,70.0,89.39,201720W_2017091112
60.0,73.0,83.34,201720W_2017091115
60.0,75.0,85.37,201720W_2017091118
63.0,78.0,89.98,201720W_2017091121
65.0,80.0,94.34,201720W_2017091200
68.0,85.0,96.35,201720W_2017091203
70.0,90.0,96.01,201720W_2017091206
70.0,95.0,93.89,201720W_2017091209
70.0,100.0,95.74,201720W_2017091212
73.0,105.0,95.86,201720W_2017091215
75.0,110.0,92.21,201720W_2017091218
78.0,115.0,96.44,201720W_2017091221
80.0,120.0,93.78,201720W_2017091300
85.0,118.0,99.65,201720W_2017091303
90.0,115.0,102.63,201720W_2017091306
95.0,113.0,101.11,201720W_2017091309
100.0,110.0,103.86,201720W_2017091312
105.0,103.0,100.59,201720W_2017091315
110.0,95.0,95.13,201720W_2017091318
115.0,88.0,105.80,201720W_2017091321
120.0,80.0,99.28,201720W_2017091400
118.0,75.0,93.07,201720W_2017091403
115.0,70.0,95.16,201720W_2017091406
113.0,68.0,93.58,201720W_2017091409
110.0,65.0,95.11,201720W_2017091412
103.0,63.0,92.04,201720W_2017091415
95.0,60.0,82.17,201720W_2017091418
88.0,58.0,77.09,201720W_2017091421
80.0,55.0,71.65,201720W_2017091500
75.0,55.0,68.65,201720W_2017091503
70.0,55.0,63.97,201720W_2017091506
68.0,55.0,60.38,201720W_2017091509
65.0,55.0,58.44,201720W_2017091512
63.0,55.0,53.33,201720W_2017091515
60.0,55.0,50.46,201720W_2017091518
58.0,55.0,47.42,201720W_2017091521
55.0,55.0,53.05,201720W_2017091600
55.0,55.0,48.99,201720W_2017091603
55.0,55.0,46.15,201720W_2017091606
55.0,55.0,42.78,201720W_2017091609
25.0,40.0,44.66,201721W_2017091118
28.0,40.0,47.21,201721W_2017091121
30.0,40.0,39.09,201721W_2017091200
30.0,43.0,42.66,201721W_2017091203
30.0,45.0,44.04,201721W_2017091206
33.0,48.0,44.69,201721W_2017091209
35.0,50.0,42.14,201721W_2017091212
38.0,53.0,51.40,201721W_2017091215
40.0,55.0,55.77,201721W_2017091218
40.0,60.0,52.44,201721W_2017091221
40.0,65.0,61.38,201721W_2017091300
43.0,70.0,71.64,201721W_2017091303
45.0,75.0,67.40,201721W_2017091306
48.0,80.0,70.31,201721W_2017091309
50.0,85.0,77.00,201721W_2017091312
53.0,88.0,83.85,201721W_2017091315
55.0,90.0,78.06,201721W_2017091318
60.0,93.0,88.63,201721W_2017091321
65.0,95.0,75.34,201721W_2017091400
70.0,88.0,79.21,201721W_2017091403
75.0,80.0,68.81,201721W_2017091406
80.0,65.0,63.89,201721W_2017091409
85.0,50.0,57.63,201721W_2017091412
88.0,45.0,48.90,201721W_2017091415
90.0,40.0,50.68,201721W_2017091418
93.0,35.0,44.86,201721W_2017091421
95.0,30.0,37.08,201721W_2017091500
30.0,30.0,29.22,201722W_2017092400
30.0,25.0,26.52,201722W_2017092403
35.0,50.0,41.20,201724W_2017101218
38.0,50.0,38.52,201724W_2017101221
40.0,50.0,47.19,201724W_2017101300
43.0,53.0,47.72,201724W_2017101303
45.0,55.0,50.51,201724W_2017101306
45.0,58.0,60.67,201724W_2017101309
45.0,60.0,59.23,201724W_2017101312
48.0,68.0,54.15,201724W_2017101315
50.0,75.0,48.00,201724W_2017101318
50.0,80.0,68.15,201724W_2017101321
50.0,85.0,66.98,201724W_2017101400
53.0,85.0,71.60,201724W_2017101403
55.0,85.0,66.37,201724W_2017101406
58.0,80.0,71.94,201724W_2017101409
60.0,75.0,80.45,201724W_2017101412
68.0,65.0,76.52,201724W_2017101415
75.0,55.0,84.63,201724W_2017101418
80.0,45.0,68.51,201724W_2017101421
85.0,35.0,72.15,201724W_2017101500
85.0,30.0,68.02,201724W_2017101503
85.0,25.0,63.16,201724W_2017101506
30.0,45.0,70.93,201725W_2017101518
33.0,45.0,75.99,201725W_2017101521
35.0,45.0,59.47,201725W_2017101600
35.0,48.0,53.36,201725W_2017101603
35.0,50.0,56.28,201725W_2017101606
38.0,53.0,54.57,201725W_2017101609
40.0,55.0,60.21,201725W_2017101612
43.0,58.0,70.81,201725W_2017101615
45.0,60.0,98.81,201725W_2017101618
45.0,63.0,85.19,201725W_2017101621
45.0,65.0,80.37,201725W_2017101700
48.0,65.0,83.62,201725W_2017101703
50.0,65.0,87.02,201725W_2017101706
53.0,65.0,88.78,201725W_2017101709
55.0,65.0,96.07,201725W_2017101712
58.0,68.0,92.43,201725W_2017101715
60.0,70.0,94.83,201725W_2017101718
63.0,73.0,92.39,201725W_2017101721
65.0,75.0,86.74,201725W_2017101800
65.0,83.0,82.99,201725W_2017101803
65.0,90.0,90.21,201725W_2017101806
65.0,88.0,96.02,201725W_2017101809
65.0,85.0,95.57,201725W_2017101812
68.0,83.0,100.44,201725W_2017101815
70.0,80.0,102.27,201725W_2017101818
73.0,83.0,109.23,201725W_2017101821
75.0,85.0,110.55,201725W_2017101900
83.0,90.0,110.82,201725W_2017101903
90.0,95.0,119.07,201725W_2017101906
88.0,105.0,115.46,201725W_2017101909
85.0,115.0,111.88,201725W_2017101912
83.0,123.0,118.41,201725W_2017101915
80.0,130.0,119.98,201725W_2017101918
83.0,130.0,120.67,201725W_2017101921
85.0,130.0,119.18,201725W_2017102000
90.0,130.0,115.73,201725W_2017102003
95.0,130.0,114.35,201725W_2017102006
105.0,133.0,120.99,201725W_2017102009
115.0,135.0,130.72,201725W_2017102012
123.0,133.0,134.21,201725W_2017102015
130.0,130.0,132.51,201725W_2017102018
130.0,128.0,125.91,201725W_2017102021
130.0,125.0,123.61,201725W_2017102100
130.0,118.0,115.63,201725W_2017102103
130.0,110.0,114.81,201725W_2017102106
133.0,100.0,108.40,201725W_2017102109
135.0,90.0,102.94,201725W_2017102112
133.0,80.0,110.03,201725W_2017102115
30.0,30.0,31.18,201727W_2017102000
30.0,30.0,28.12,201727W_2017102003
30.0,30.0,25.25,201727W_2017102006
30.0,30.0,28.93,201727W_2017102009
30.0,30.0,28.76,201727W_2017102012
30.0,30.0,31.15,201727W_2017102015
30.0,30.0,30.85,201727W_2017102018
30.0,33.0,28.74,201727W_2017102021
30.0,35.0,26.61,201727W_2017102100
30.0,33.0,28.54,201727W_2017102103
30.0,30.0,32.47,201727W_2017102106
30.0,28.0,33.70,201727W_2017102109
30.0,25.0,31.90,201727W_2017102112
30.0,25.0,35.61,201727W_2017102115
30.0,25.0,41.97,201727W_2017102118
33.0,25.0,47.95,201727W_2017102121
35.0,25.0,39.87,201727W_2017102200
33.0,30.0,38.38,201727W_2017102203
30.0,35.0,35.84,201727W_2017102206
28.0,38.0,32.50,201727W_2017102209
25.0,40.0,36.01,201727W_2017102212
25.0,43.0,34.73,201727W_2017102215
25.0,45.0,39.07,201727W_2017102218
25.0,45.0,36.02,201727W_2017102221
25.0,45.0,46.18,201727W_2017102418
30.0,45.0,48.79,201727W_2017102421
35.0,45.0,52.33,201727W_2017102500
38.0,45.0,52.18,201727W_2017102503
40.0,45.0,48.06,201727W_2017102506
43.0,45.0,55.62,201727W_2017102509
45.0,45.0,52.31,201727W_2017102512
45.0,45.0,52.91,201727W_2017102515
45.0,45.0,55.24,201727W_2017102518
45.0,45.0,62.14,201727W_2017102521
45.0,45.0,56.55,201727W_2017102600
45.0,45.0,58.51,201727W_2017102603
45.0,45.0,57.95,201727W_2017102606
45.0,48.0,62.48,201727W_2017102609
45.0,50.0,57.65,201727W_2017102612
45.0,53.0,54.88,201727W_2017102615
45.0,55.0,65.11,201727W_2017102618
45.0,58.0,54.14,201727W_2017102621
45.0,60.0,53.12,201727W_2017102700
45.0,63.0,54.04,201727W_2017102703
45.0,65.0,50.13,201727W_2017102706
48.0,65.0,57.80,201727W_2017102709
50.0,65.0,46.35,201727W_2017102712
53.0,63.0,53.42,201727W_2017102715
55.0,60.0,55.18,201727W_2017102718
58.0,58.0,50.75,201727W_2017102721
60.0,55.0,46.75,201727W_2017102800
63.0,55.0,51.78,201727W_2017102803
30.0,60.0,39.11,201728W_2017110118
33.0,65.0,46.00,201728W_2017110121
35.0,70.0,48.96,201728W_2017110200
40.0,73.0,59.57,201728W_2017110203
45.0,75.0,64.05,201728W_2017110206
48.0,80.0,69.53,201728W_2017110209
50.0,85.0,82.33,201728W_2017110212
55.0,88.0,87.52,201728W_2017110215
60.0,90.0,94.61,201728W_2017110218
65.0,88.0,100.84,201728W_2017110221
70.0,85.0,88.60,201728W_2017110300
73.0,70.0,85.85,201728W_2017110303
75.0,55.0,80.54,201728W_2017110306
80.0,48.0,75.77,201728W_2017110309
85.0,40.0,67.20,201728W_2017110312
88.0,35.0,57.19,201728W_2017110315
90.0,30.0,54.55,201728W_2017110318
25.0,25.0,26.24,201729W_2017110418
23.0,25.0,28.96,201729W_2017110421
25.0,25.0,50.35,201729W_2017110606
25.0,25.0,43.63,201729W_2017110609
25.0,25.0,43.26,201729W_2017110612
25.0,25.0,35.92,201729W_2017110615
25.0,25.0,37.92,201729W_2017110618
25.0,23.0,22.49,201729W_2017110621
30.0,35.0,37.51,201730W_2017110900
30.0,35.0,37.66,201730W_2017110903
30.0,35.0,45.48,201730W_2017110906
30.0,38.0,45.01,201730W_2017110909
30.0,40.0,39.64,201730W_2017110912
30.0,43.0,39.49,201730W_2017110915
30.0,45.0,37.54,201730W_2017110918
33.0,43.0,36.08,201730W_2017110921
35.0,40.0,35.62,201730W_2017111000
35.0,38.0,38.34,201730W_2017111003
35.0,35.0,49.66,201730W_2017111006
38.0,35.0,38.43,201730W_2017111009
40.0,35.0,35.80,201730W_2017111012
43.0,33.0,45.06,201730W_2017111015
45.0,30.0,41.90,201730W_2017111018
43.0,28.0,45.72,201730W_2017111021
40.0,25.0,44.72,201730W_2017111100
38.0,23.0,32.21,201730W_2017111103
30.0,35.0,37.46,201731W_2017111712
33.0,38.0,32.70,201731W_2017111715
35.0,40.0,41.10,201731W_2017111718
35.0,38.0,34.52,201731W_2017111721
35.0,35.0,38.88,201731W_2017111800
35.0,30.0,38.31,201731W_2017111803
35.0,25.0,37.27,201731W_2017111806
35.0,23.0,31.62,201731W_2017111809
30.0,45.0,28.90,201732W_2017121400
35.0,45.0,35.64,201732W_2017121403
40.0,45.0,39.76,201732W_2017121406
45.0,45.0,43.55,201732W_2017121409
50.0,45.0,41.52,201732W_2017121412
50.0,45.0,42.94,201732W_2017121415
50.0,45.0,42.73,201732W_2017121418
48.0,45.0,39.85,201732W_2017121421
45.0,45.0,38.99,201732W_2017121500
45.0,43.0,38.94,201732W_2017121503
45.0,40.0,38.50,201732W_2017121506
45.0,35.0,42.66,201732W_2017121509
45.0,30.0,42.39,201732W_2017121512
45.0,28.0,38.80,201732W_2017121515
45.0,25.0,38.25,201732W_2017121518
45.0,25.0,34.93,201732W_2017121521
45.0,25.0,37.08,201732W_2017121600
43.0,25.0,32.89,201732W_2017121603
40.0,25.0,27.12,201732W_2017121606
35.0,28.0,28.43,201732W_2017121609
30.0,30.0,29.09,201732W_2017121612
28.0,30.0,24.93,201732W_2017121615
25.0,30.0,23.21,201732W_2017121618
25.0,28.0,21.91,201732W_2017121621
25.0,25.0,20.85,201732W_2017121700
25.0,25.0,19.22,201732W_2017121703
25.0,25.0,17.96,201732W_2017121706
28.0,25.0,22.71,201732W_2017121709
30.0,25.0,30.17,201732W_2017121712
30.0,25.0,18.76,201732W_2017121715
30.0,45.0,27.61,201732W_2017121718
28.0,48.0,26.67,201732W_2017121721
25.0,50.0,26.38,201732W_2017121800
25.0,48.0,27.66,201732W_2017121803
25.0,45.0,25.64,201732W_2017121806
25.0,43.0,34.50,201732W_2017121809
25.0,40.0,25.22,201732W_2017121812
25.0,38.0,43.79,201732W_2017121815
45.0,35.0,53.74,201732W_2017122012
48.0,33.0,56.40,201732W_2017122015
50.0,30.0,55.42,201732W_2017122018
48.0,28.0,48.10,201732W_2017122021
45.0,25.0,37.98,201732W_2017122100
43.0,25.0,39.52,201732W_2017122103
40.0,25.0,38.27,201732W_2017122106
38.0,23.0,28.80,201732W_2017122109
35.0,25.0,36.89,201732W_2017122112
33.0,25.0,29.95,201732W_2017122115
30.0,25.0,30.21,201732W_2017122118
28.0,23.0,21.26,201732W_2017122121
40.0,45.0,47.76,201733W_2017122100
40.0,43.0,42.99,201733W_2017122103
40.0,40.0,54.78,201733W_2017122106
43.0,43.0,56.92,201733W_2017122109
45.0,45.0,50.62,201733W_2017122112
48.0,48.0,55.63,201733W_2017122115
50.0,50.0,49.57,201733W_2017122118
48.0,53.0,48.42,201733W_2017122121
45.0,55.0,35.81,201733W_2017122200
43.0,58.0,30.59,201733W_2017122203
40.0,60.0,29.40,201733W_2017122206
43.0,63.0,29.49,201733W_2017122209
45.0,65.0,31.88,201733W_2017122212
48.0,68.0,34.29,201733W_2017122215
50.0,70.0,39.06,201733W_2017122218
53.0,75.0,53.82,201733W_2017122221
55.0,80.0,61.85,201733W_2017122300
58.0,83.0,76.34,201733W_2017122303
60.0,85.0,68.88,201733W_2017122306
63.0,80.0,72.27,201733W_2017122309
65.0,75.0,72.93,201733W_2017122312
68.0,70.0,76.49,201733W_2017122315
70.0,65.0,78.13,201733W_2017122318
75.0,63.0,91.53,201733W_2017122321
80.0,60.0,87.67,201733W_2017122400
83.0,53.0,94.20,201733W_2017122403
85.0,45.0,89.58,201733W_2017122406
80.0,43.0,74.66,201733W_2017122409
75.0,40.0,87.88,201733W_2017122412
70.0,35.0,79.20,201733W_2017122415
65.0,30.0,61.96,201733W_2017122418
63.0,25.0,43.94,201733W_2017122421
